{
	"schemaVersion": 2,
	"type": "square-textured",
	"textures": {
		"top": "fabricskyboxes:sky/overworld_sky/sunset_top.png",
		"bottom": "fabricskyboxes:sky/overworld_sky/sunset_bottom.png",
		"north": "fabricskyboxes:sky/overworld_sky/sunset_side.png",
		"south": "fabricskyboxes:sky/overworld_sky/sunset_side.png",
		"east": "fabricskyboxes:sky/overworld_sky/sunset_side.png",
		"west": "fabricskyboxes:sky/overworld_sky/sunset_side.png"
		},
	"properties": {
		"sunSkyTint": false,
		"shouldRotate": true,
		"rotation": {
			"static": [0, 0, 0],
			"axis": [0, 0, 0],
			"rotationSpeed": 0.0
			},
		"fade":	{
			"alwaysOn": false,
			"startFadeIn": 11000,
			"endFadeIn": 12000,
			"startFadeOut": 13000,
			"endFadeOut": 13500
			}
		},
	"conditions": {
		"worlds": [
			"minecraft:overworld"
			]
		},
	"decorations": {
		"showSun": true,
		"showMoon": true,
		"showStars": true,
		"rotation": [0, 0, 0]
		}
	}