{
	"schemaVersion": 2,
	"type": "square-textured",
	"textures": {
		"top": "fabricskyboxes:sky/outer_space_sky/earth_2.png",
		"bottom": "fabricskyboxes:sky/outer_space_sky/earth_1.png",
		"north": "fabricskyboxes:sky/outer_space_sky/earth_3.png",
		"south": "fabricskyboxes:sky/outer_space_sky/earth_4.png",
		"east": "fabricskyboxes:sky/outer_space_sky/earth_5.png",
		"west": "fabricskyboxes:sky/outer_space_sky/earth_6.png"
		},
	"properties": {
		"sunSkyTint": false,
		"shouldRotate": true,
		"rotation": {
			"static": [0, 0, 180],
			"axis": [0, 0, 180],
			"rotationSpeed": 0.0
			},
		"fade":	{
			"alwaysOn": false,
			"startFadeIn": 0,
			"endFadeIn": 0,
			"startFadeOut": 23999,
			"endFadeOut": 23999
			}
		},
	"conditions": {
		"worlds": [
			"minecraft:superflat"
			]
		},
	"decorations": {
		"showSun": false,
		"showMoon": false,
		"showStars": false,
		"rotation": [0, 0, 0]
		}
	}