{
    "parent": "item/generated",
    "textures": {
        "layer0": "item/bundle"
    },
    "overrides": [
        { "predicate": { "filled": 0.0000001 }, "model": "item/bundle_filled" 										},
		{ "predicate": { "custom_model_data": 1}, "model": "item/cosmetic/backpack"									},
		{ "predicate": { "custom_model_data": 2}, "model": "item/cosmetic/haversack"								},
		{ "predicate": { "custom_model_data": 3}, "model": "item/cosmetic/envelope_open" 							},
		{ "predicate": { "custom_model_data": 3, "filled": 0.0000001 }, "model": "item/cosmetic/envelope_closed" 	},
		{ "predicate": { "custom_model_data": 4 }, "model": "item/cosmetic/briefcase" 	}
    ]
}
