{
	"parent": "item/handheld",
		"textures": {
			"layer0": "item/carrot_on_a_stick"
			},

		"overrides": [
			{ "predicate": { "custom_model_data": 1}, "model": "item/stuff/glock"				},
			{ "predicate": { "custom_model_data": 2}, "model": "item/cosmetic/key_tier_1"		},
			{ "predicate": { "custom_model_data": 3}, "model": "item/cosmetic/key_tier_2"		},
			{ "predicate": { "custom_model_data": 4}, "model": "item/cosmetic/backpack"			},
			{ "predicate": { "custom_model_data": 5}, "model": "item/cosmetic/cane_notop" 		},
			{ "predicate": { "custom_model_data": 6}, "model": "item/cosmetic/cane_bird" 		},
			{ "predicate": { "custom_model_data": 7}, "model": "item/cosmetic/cane_cross" 		},
			{ "predicate": { "custom_model_data": 8}, "model": "item/cosmetic/haversack"		},
			{ "predicate": { "custom_model_data": 9}, "model": "item/cosmetic/taglock"			},
			{ "predicate": { "custom_model_data": 10}, "model": "item/cosmetic/laptop" 			}
	]
}