{
	"parent": "minecraft:block/carved_pumpkin",
	"overrides": [
		{ "predicate": { "custom_model_data": 1 }, "model": "item/monster/dexter_portal" 				},
		{ "predicate": { "custom_model_data": 2 }, "model": "item/cosmetic/pc_charliegogglesup" 		},
		{ "predicate": { "custom_model_data": 3 }, "model": "item/cosmetic/pc_charliegogglesdown" 		},
		{ "predicate": { "custom_model_data": 4 }, "model": "item/cosmetic/corus_h" 					},
		{ "predicate": { "custom_model_data": 5 }, "model": "item/cosmetic/corus_v" 					},
		{ "predicate": { "custom_model_data": 6 }, "model": "item/monster/scout" 						},
		{ "predicate": { "custom_model_data": 7 }, "model": "item/monster/shadowhands" 					},
		{ "predicate": { "custom_model_data": 8 }, "model": "item/monster/ceo" 							},
		{ "predicate": { "custom_model_data": 9 }, "model": "item/cosmetic/amulet_growth" 				},
		{ "predicate": { "custom_model_data": 300 }, "model": "item/stuff/defenseaura" 					},
		{ "predicate": { "custom_model_data": 2000 }, "model": "item/olmagic/start" 					},
		{ "predicate": { "custom_model_data": 2001 }, "model": "item/olmagic/0" 						},
		{ "predicate": { "custom_model_data": 2002 }, "model": "item/olmagic/1" 						},
		{ "predicate": { "custom_model_data": 2003 }, "model": "item/olmagic/2" 						},
		{ "predicate": { "custom_model_data": 2004 }, "model": "item/olmagic/3" 						},
		{ "predicate": { "custom_model_data": 2005 }, "model": "item/olmagic/4" 						},
		{ "predicate": { "custom_model_data": 2006 }, "model": "item/olmagic/5" 						},
		{ "predicate": { "custom_model_data": 2007 }, "model": "item/olmagic/6" 						},
		{ "predicate": { "custom_model_data": 2008 }, "model": "item/olmagic/7" 						},
		{ "predicate": { "custom_model_data": 2009 }, "model": "item/olmagic/8" 						},
		{ "predicate": { "custom_model_data": 2010 }, "model": "item/olmagic/fire" 						}
	]
}