{
	"parent": "item/generated",
	"textures": {
		"layer0": "item/quartz"
	},
	"overrides": [
		{ "predicate": { "custom_model_data": 1}, "model": "item/olglyph/earth" 	},
		{ "predicate": { "custom_model_data": 2}, "model": "item/olglyph/air" 		},
		{ "predicate": { "custom_model_data": 3}, "model": "item/olglyph/fire" 		},
		{ "predicate": { "custom_model_data": 4}, "model": "item/olglyph/water" 	},
		{ "predicate": { "custom_model_data": 5}, "model": "item/olglyph/wood" 		},
		{ "predicate": { "custom_model_data": 6}, "model": "item/olglyph/salt" 		},
		{ "predicate": { "custom_model_data": 7}, "model": "item/olglyph/sulfur" 	},
		{ "predicate": { "custom_model_data": 8}, "model": "item/olglyph/mercury" 	}
	]
}