{
	"credit": "Made with Blockbench",
	"parent": "ceo",
	"texture_size": [64, 64],
	"textures": {
		"0": "custom/ceo",
		"particle": "custom/ceo"
	},
	"elements": [
		{
			"name": "exhaust",
			"from": [4, 10, -1],
			"to": [11, 14, 2],
			"faces": {
				"north": {"uv": [0.75, 0.75, 2.5, 1.75], "texture": "#0"},
				"east": {"uv": [0, 0.75, 0.75, 1.75], "texture": "#0"},
				"south": {"uv": [0, 0, 1.75, 1], "texture": "#missing"},
				"west": {"uv": [2.5, 0.75, 3.25, 1.75], "texture": "#0"},
				"up": {"uv": [0.75, 0, 2.5, 0.75], "texture": "#0"},
				"down": {"uv": [0.75, 1.75, 2.5, 2.5], "texture": "#0"}
			}
		},
		{
			"name": "front_plate",
			"from": [3, 4, 2],
			"to": [12, 20, 4],
			"faces": {
				"north": {"uv": [0.5, 3.5, 2.75, 7.5], "texture": "#0"},
				"east": {"uv": [0, 3.5, 0.5, 7.5], "texture": "#0"},
				"south": {"uv": [3.25, 3.5, 5.5, 7.5], "texture": "#0"},
				"west": {"uv": [2.75, 3.5, 3.25, 7.5], "texture": "#0"},
				"up": {"uv": [0.5, 3, 2.75, 3.5], "texture": "#0"},
				"down": {"uv": [0.5, 7.5, 2.75, 8], "texture": "#0"}
			}
		},
		{
			"from": [3, 7, 4],
			"to": [12, 20, 15],
			"faces": {
				"north": {"uv": [0.75, 0, 1, 0.25], "texture": "#0"},
				"east": {"uv": [0.75, 0, 1, 0.25], "texture": "#0"},
				"south": {"uv": [0.75, 0, 1, 0.25], "texture": "#0"},
				"west": {"uv": [0.75, 0, 1, 0.25], "texture": "#0"},
				"up": {"uv": [0.75, 0, 1, 0.25], "texture": "#0"},
				"down": {"uv": [0.75, 0, 1, 0.25], "texture": "#0"}
			}
		},
		{
			"from": [4, 8, 15],
			"to": [11, 18, 26],
			"faces": {
				"north": {"uv": [4.5, 9.75, 6.25, 12.25], "texture": "#0"},
				"east": {"uv": [1.75, 9.75, 4.5, 12.25], "texture": "#0"},
				"south": {"uv": [0, 9.75, 1.75, 12.25], "texture": "#0"},
				"west": {"uv": [6.25, 9.75, 9, 12.25], "texture": "#0"},
				"up": {"uv": [1.75, 8, 4.5, 9.75], "rotation": 90, "texture": "#0"},
				"down": {"uv": [4.5, 8, 7.25, 9.75], "rotation": 90, "texture": "#0"}
			}
		},
		{
			"name": "axle_plate",
			"from": [6, 1, 15],
			"to": [9, 8, 16],
			"faces": {
				"north": {"uv": [8.75, 6, 9.5, 7.75], "texture": "#0"},
				"east": {"uv": [8.5, 6, 8.75, 7.75], "texture": "#0"},
				"south": {"uv": [9.75, 6, 10.5, 7.75], "texture": "#0"},
				"west": {"uv": [9.5, 6, 9.75, 7.75], "texture": "#0"},
				"up": {"uv": [8.75, 5.75, 9.5, 6], "texture": "#0"},
				"down": {"uv": [8.75, 7.75, 9.5, 8], "texture": "#0"}
			}
		},
		{
			"name": "axle",
			"from": [7, 3.5, 12],
			"to": [8, 4.5, 17],
			"faces": {
				"north": {"uv": [12, 6.5, 12.25, 6.75], "texture": "#0"},
				"east": {"uv": [10.75, 6.5, 12, 6.75], "texture": "#0"},
				"south": {"uv": [10.5, 6.5, 10.75, 6.75], "texture": "#0"},
				"west": {"uv": [10.75, 6.5, 12, 6.75], "texture": "#0"},
				"up": {"uv": [10.75, 6.25, 12, 6.5], "rotation": 90, "texture": "#0"},
				"down": {"uv": [10.75, 6.75, 12, 7], "rotation": 90, "texture": "#0"}
			}
		},
		{
			"name": "rotor",
			"from": [5.5, 11, 26],
			"to": [9.5, 15, 30],
			"faces": {
				"north": {"uv": [13, 7, 14, 8], "texture": "#0"},
				"east": {"uv": [12, 7, 13, 8], "texture": "#0"},
				"south": {"uv": [15, 7, 16, 8], "texture": "#0"},
				"west": {"uv": [14, 7, 15, 8], "texture": "#0"},
				"up": {"uv": [13, 6, 14, 7], "rotation": 180, "texture": "#0"},
				"down": {"uv": [14, 6, 15, 7], "texture": "#0"}
			}
		},
		{
			"name": "fin",
			"from": [9.5, 7.5, 28.5],
			"to": [25.5, 18.5, 28.5],
			"faces": {
				"north": {"uv": [8.5, 3, 12.5, 5.75], "texture": "#0"},
				"east": {"uv": [0, 0, 2.75, 3.25], "texture": "#missing"},
				"south": {"uv": [12.5, 3, 8.5, 5.75], "texture": "#0"},
				"west": {"uv": [0, 0, 2.75, 3.25], "texture": "#missing"},
				"up": {"uv": [0, 0, 2.25, 2.75], "texture": "#missing"},
				"down": {"uv": [0, 0, 2.25, 2.75], "texture": "#missing"}
			}
		},
		{
			"name": "fin",
			"from": [-10.5, 7.5, 28.5],
			"to": [5.5, 18.5, 28.5],
			"faces": {
				"north": {"uv": [12.5, 3, 8.5, 5.75], "texture": "#0"},
				"east": {"uv": [0, 0, 2.75, 3.25], "texture": "#missing"},
				"south": {"uv": [8.5, 3, 12.5, 5.75], "texture": "#0"},
				"west": {"uv": [0, 0, 2.75, 3.25], "texture": "#missing"},
				"up": {"uv": [0, 0, 2.25, 2.75], "texture": "#missing"},
				"down": {"uv": [0, 0, 2.25, 2.75], "texture": "#missing"}
			}
		},
		{
			"from": [2, 8, 3],
			"to": [3, 16, 15],
			"faces": {
				"north": {"uv": [0.75, 0, 1, 0.25], "texture": "#0"},
				"east": {"uv": [0.75, 0, 1, 0.25], "texture": "#0"},
				"south": {"uv": [0.75, 0, 1, 0.25], "texture": "#0"},
				"west": {"uv": [0.75, 0, 1, 0.25], "texture": "#0"},
				"up": {"uv": [0.75, 0, 1, 0.25], "texture": "#0"},
				"down": {"uv": [0.75, 0, 1, 0.25], "texture": "#0"}
			}
		},
		{
			"from": [12, 8, 3],
			"to": [13, 16, 15],
			"faces": {
				"north": {"uv": [0.75, 0, 1, 0.25], "texture": "#0"},
				"east": {"uv": [0.75, 0, 1, 0.25], "texture": "#0"},
				"south": {"uv": [0.75, 0, 1, 0.25], "texture": "#0"},
				"west": {"uv": [0.75, 0, 1, 0.25], "texture": "#0"},
				"up": {"uv": [0.75, 0, 1, 0.25], "texture": "#0"},
				"down": {"uv": [0.75, 0, 1, 0.25], "texture": "#0"}
			}
		},
		{
			"from": [1, 9, 3],
			"to": [2, 15, 15],
			"faces": {
				"north": {"uv": [0.75, 0, 1, 0.25], "texture": "#0"},
				"east": {"uv": [0.75, 0, 1, 0.25], "texture": "#0"},
				"south": {"uv": [0.75, 0, 1, 0.25], "texture": "#0"},
				"west": {"uv": [0.75, 0, 1, 0.25], "texture": "#0"},
				"up": {"uv": [0.75, 0, 1, 0.25], "texture": "#0"},
				"down": {"uv": [0.75, 0, 1, 0.25], "texture": "#0"}
			}
		},
		{
			"from": [13, 9, 3],
			"to": [14, 15, 15],
			"faces": {
				"north": {"uv": [0.75, 0, 1, 0.25], "texture": "#0"},
				"east": {"uv": [0.75, 0, 1, 0.25], "texture": "#0"},
				"south": {"uv": [0.75, 0, 1, 0.25], "texture": "#0"},
				"west": {"uv": [0.75, 0, 1, 0.25], "texture": "#0"},
				"up": {"uv": [0.75, 0, 1, 0.25], "texture": "#0"},
				"down": {"uv": [0.75, 0, 1, 0.25], "texture": "#0"}
			}
		},
		{
			"name": "eye",
			"from": [4.5, -4, 7],
			"to": [10.5, 2, 13],
			"rotation": {"angle": -22.5, "axis": "x", "origin": [0, 0, 0]},
			"faces": {
				"north": {"uv": [4.75, 1.5, 6.25, 3], "texture": "#0"},
				"east": {"uv": [3.25, 1.5, 4.75, 3], "texture": "#0"},
				"south": {"uv": [7.75, 1.5, 9.25, 3], "texture": "#0"},
				"west": {"uv": [6.25, 1.5, 7.75, 3], "texture": "#0"},
				"up": {"uv": [4.75, 0, 6.25, 1.5], "texture": "#0"},
				"down": {"uv": [6.25, 0, 7.75, 1.5], "texture": "#0"}
			}
		},
		{
			"name": "wires",
			"from": [-1, 2, 9],
			"to": [16, 12, 9],
			"faces": {
				"north": {"uv": [9.25, 0, 13.5, 2.5], "texture": "#0"},
				"east": {"uv": [0, 0, 0, 3], "texture": "#missing"},
				"south": {"uv": [13.5, 0, 9.25, 2.5], "texture": "#0"},
				"west": {"uv": [0, 0, 0, 3], "texture": "#missing"},
				"up": {"uv": [0, 0, 3.75, 0], "texture": "#missing"},
				"down": {"uv": [0, 0, 3.75, 0], "texture": "#missing"}
			}
		},
		{
			"from": [2, 18, 8],
			"to": [5, 32, 11],
			"faces": {
				"north": {"uv": [6.25, 3.75, 7, 7.25], "texture": "#0"},
				"east": {"uv": [5.5, 3.75, 6.25, 7.25], "texture": "#0"},
				"south": {"uv": [7.75, 3.75, 8.5, 7.25], "texture": "#0"},
				"west": {"uv": [7, 3.75, 7.75, 7.25], "texture": "#0"},
				"up": {"uv": [6.25, 3, 7, 3.75], "texture": "#0"},
				"down": {"uv": [7, 3, 7.75, 3.75], "texture": "#0"}
			}
		},
		{
			"from": [6, 5, 1],
			"to": [9, 6, 2],
			"faces": {
				"north": {"uv": [14, 5.25, 14.75, 5.5], "texture": "#0"},
				"east": {"uv": [13.75, 5.25, 14, 5.5], "texture": "#0"},
				"south": {"uv": [0.25, 0, 1, 0.25], "texture": "#missing"},
				"west": {"uv": [14.75, 5.25, 15, 5.5], "texture": "#0"},
				"up": {"uv": [0.25, 0, 1, 0.25], "texture": "#missing"},
				"down": {"uv": [14, 5.75, 14.75, 6], "texture": "#0"}
			}
		},
		{
			"from": [6, 18, 1],
			"to": [9, 19, 2],
			"faces": {
				"north": {"uv": [14, 2, 14.75, 2.25], "texture": "#0"},
				"east": {"uv": [13.75, 2, 14, 2.25], "texture": "#0"},
				"south": {"uv": [0.25, 0, 1, 0.25], "texture": "#missing"},
				"west": {"uv": [14.75, 2, 15, 2.25], "texture": "#0"},
				"up": {"uv": [14, 1.5, 14.75, 1.75], "texture": "#0"},
				"down": {"uv": [0.25, 0, 1, 0.25], "texture": "#missing"}
			}
		},
		{
			"from": [6, 6, 0],
			"to": [9, 18, 2],
			"faces": {
				"north": {"uv": [14, 2.25, 14.75, 5.25], "texture": "#0"},
				"east": {"uv": [13.5, 2.25, 14, 5.25], "texture": "#0"},
				"south": {"uv": [0.25, 0, 1, 3], "texture": "#missing"},
				"west": {"uv": [14.75, 2.25, 15.25, 5.25], "texture": "#0"},
				"up": {"uv": [14, 1.5, 14.75, 2], "texture": "#0"},
				"down": {"uv": [14, 5.5, 14.75, 6], "texture": "#0"}
			}
		}
	],
	"display": {
		"ground": {
			"scale": [0, 0, 0]
		},
		"gui": {
			"rotation": [25, 35, 0],
			"translation": [0, -1.25, 0],
			"scale": [0.6, 0.6, 0.6]
		},
		"head": {
			"translation": [0, 21.5, -6.5],
			"scale": [4, 4, 4]
		}
	},
	"groups": [
		0,
		1,
		2,
		3,
		4,
		5,
		6,
		7,
		8,
		9,
		10,
		11,
		12,
		13,
		14,
		15,
		{
			"name": "front_pipe",
			"origin": [0, 0, 0],
			"color": 0,
			"children": [16, 17, 18]
		}
	]
}