{
	"credit": "Made with Blockbench",
	"parent": "dexter_portal",
	"texture_size": [48, 48],
	"textures": {
		"0": "custom/dexter_portal",
		"particle": "custom/dexter_portal"
	},
	"elements": [
		{
			"from": [4, 5, 4],
			"to": [12, 7, 12],
			"faces": {
				"north": {"uv": [0, 0.66667, 0.66667, 3.33333], "rotation": 90, "texture": "#0"},
				"east": {"uv": [3.33333, 0.66667, 4, 3.33333], "rotation": 270, "texture": "#0"},
				"south": {"uv": [0.66667, 3.33333, 3.33333, 4], "rotation": 180, "texture": "#0"},
				"west": {"uv": [0.66667, 0, 3.33333, 0.66667], "texture": "#0"},
				"up": {"uv": [0, 0, 0.33333, 0.33333], "texture": "#0"},
				"down": {"uv": [0.66667, 0.66667, 3.33333, 3.33333], "texture": "#0"}
			}
		},
		{
			"from": [2, 7, 2],
			"to": [14, 11, 14],
			"faces": {
				"north": {"uv": [4, 1.33333, 5.33333, 5.33333], "rotation": 90, "texture": "#0"},
				"east": {"uv": [5.33333, 5.33333, 9.33333, 6.66667], "rotation": 180, "texture": "#0"},
				"south": {"uv": [9.33333, 1.33333, 10.66667, 5.33333], "rotation": 270, "texture": "#0"},
				"west": {"uv": [5.33333, 0, 9.33333, 1.33333], "texture": "#0"},
				"up": {"uv": [0, 0, 2, 2], "texture": "#missing"},
				"down": {"uv": [5.33333, 1.33333, 9.33333, 5.33333], "rotation": 270, "texture": "#0"}
			}
		},
		{
			"from": [-2, 11, 6],
			"to": [18, 15, 10],
			"faces": {
				"north": {"uv": [0, 8, 1.33333, 14.66667], "rotation": 90, "texture": "#0"},
				"east": {"uv": [4, 14.66667, 5.33333, 16], "rotation": 180, "texture": "#0"},
				"south": {"uv": [8, 8, 9.33333, 14.66667], "rotation": 270, "texture": "#0"},
				"west": {"uv": [4, 6.66667, 5.33333, 8], "texture": "#0"},
				"up": {"uv": [4, 7.33333, 5.33333, 15.33333], "rotation": 90, "texture": "#0"},
				"down": {"uv": [4, 7.33333, 5.33333, 15.33333], "rotation": 90, "texture": "#0"}
			}
		},
		{
			"from": [0, 11, 10],
			"to": [16, 15, 16],
			"faces": {
				"north": {"uv": [0, 0, 2.66667, 0.66667], "texture": "#missing"},
				"east": {"uv": [5.33333, 14.66667, 8, 16], "rotation": 180, "texture": "#0"},
				"south": {"uv": [8, 8.66667, 9.33333, 14], "rotation": 270, "texture": "#0"},
				"west": {"uv": [5.33333, 6.66667, 8, 8], "texture": "#0"},
				"up": {"uv": [5.33333, 8, 8, 14.66667], "rotation": 90, "texture": "#0"},
				"down": {"uv": [5.33333, 8, 8, 14.66667], "rotation": 270, "texture": "#0"}
			}
		},
		{
			"from": [0, 11, 0],
			"to": [16, 15, 6],
			"faces": {
				"north": {"uv": [0, 8.66667, 1.33333, 14], "rotation": 90, "texture": "#0"},
				"east": {"uv": [1.33333, 14.66667, 4, 16], "rotation": 180, "texture": "#0"},
				"south": {"uv": [0, 0, 2.66667, 0.66667], "texture": "#missing"},
				"west": {"uv": [1.33333, 6.66667, 4, 8], "texture": "#0"},
				"up": {"uv": [1.33333, 8, 4, 14.66667], "rotation": 90, "texture": "#0"},
				"down": {"uv": [1.33333, 8, 4, 14.66667], "rotation": 270, "texture": "#0"}
			}
		},
		{
			"from": [6, 9, -2],
			"to": [10, 15, 0],
			"faces": {
				"north": {"uv": [10, 7.33333, 11.33333, 9.33333], "texture": "#0"},
				"east": {"uv": [9.33333, 7.33333, 10, 9.33333], "texture": "#0"},
				"south": {"uv": [10, 9, 10.66667, 10], "texture": "#0"},
				"west": {"uv": [11.33333, 7.33333, 12, 9.33333], "texture": "#0"},
				"up": {"uv": [10, 6.66667, 11.33333, 7.33333], "texture": "#0"},
				"down": {"uv": [10, 9.33333, 11.33333, 10], "texture": "#0"}
			}
		},
		{
			"from": [6, 9, 16],
			"to": [10, 15, 18],
			"faces": {
				"north": {"uv": [10, 9, 10.66667, 10], "texture": "#0"},
				"east": {"uv": [11.33333, 7.33333, 12, 9.33333], "texture": "#0"},
				"south": {"uv": [10, 7.33333, 11.33333, 9.33333], "texture": "#0"},
				"west": {"uv": [9.33333, 7.33333, 10, 9.33333], "texture": "#0"},
				"up": {"uv": [10, 6.66667, 11.33333, 7.33333], "rotation": 180, "texture": "#0"},
				"down": {"uv": [10, 9.33333, 11.33333, 10], "rotation": 180, "texture": "#0"}
			}
		}
	],
	"display": {
		"ground": {
			"rotation": [0, 0, 180],
			"translation": [0, 19.75, 0],
			"scale": [3, 3, 3]
		},
		"gui": {
			"rotation": [-135.5, -45, 25],
			"translation": [2.25, 4.25, 0],
			"scale": [2, 2, 2]
		},
		"head": {
			"translation": [0, 6.75, 0],
			"scale": [4, 4, 4]
		},
		"fixed": {
			"rotation": [90, 0, 0],
			"translation": [0, 0, -13],
			"scale": [4, 4, 4]
		}
	}
}