{
	"credit": "Made with Blockbench",
	"parent": "lake_hand",
	"elements": [
		{
			"from": [6, 7, 6],
			"to": [10, 14, 10],
			"color": 0,
			"faces": {
				"north": {"uv": [0, 0, 4, 7], "texture": "#missing"},
				"east": {"uv": [0, 0, 4, 7], "texture": "#missing"},
				"south": {"uv": [0, 0, 4, 7], "texture": "#missing"},
				"west": {"uv": [0, 0, 4, 7], "texture": "#missing"},
				"up": {"uv": [0, 0, 4, 4], "texture": "#missing"},
				"down": {"uv": [0, 0, 4, 4], "texture": "#missing"}
			}
		},
		{
			"from": [6, 0, 6],
			"to": [10, 7, 11],
			"color": 0,
			"faces": {
				"north": {"uv": [0, 0, 4, 7], "texture": "#missing"},
				"east": {"uv": [0, 0, 5, 7], "texture": "#missing"},
				"south": {"uv": [0, 0, 4, 7], "texture": "#missing"},
				"west": {"uv": [0, 0, 5, 7], "texture": "#missing"},
				"up": {"uv": [0, 0, 4, 5], "texture": "#missing"},
				"down": {"uv": [0, 0, 4, 5], "texture": "#missing"}
			}
		},
		{
			"from": [5, 13, 4],
			"to": [11, 15, 9],
			"color": 0,
			"faces": {
				"north": {"uv": [0, 0, 6, 2], "texture": "#missing"},
				"east": {"uv": [0, 0, 5, 2], "texture": "#missing"},
				"south": {"uv": [0, 0, 6, 2], "texture": "#missing"},
				"west": {"uv": [0, 0, 5, 2], "texture": "#missing"},
				"up": {"uv": [0, 0, 6, 5], "texture": "#missing"},
				"down": {"uv": [0, 0, 6, 5], "texture": "#missing"}
			}
		},
		{
			"from": [8, 15, 7],
			"to": [12, 16, 9],
			"color": 0,
			"faces": {
				"north": {"uv": [0, 0, 4, 1], "texture": "#missing"},
				"east": {"uv": [0, 0, 2, 1], "texture": "#missing"},
				"south": {"uv": [0, 0, 4, 1], "texture": "#missing"},
				"west": {"uv": [0, 0, 2, 1], "texture": "#missing"},
				"up": {"uv": [0, 0, 4, 2], "texture": "#missing"},
				"down": {"uv": [0, 0, 4, 2], "texture": "#missing"}
			}
		},
		{
			"from": [10, 15, 6],
			"to": [11, 16, 7],
			"color": 0,
			"faces": {
				"north": {"uv": [0, 0, 1, 1], "texture": "#missing"},
				"east": {"uv": [0, 0, 1, 1], "texture": "#missing"},
				"south": {"uv": [0, 0, 1, 1], "texture": "#missing"},
				"west": {"uv": [0, 0, 1, 1], "texture": "#missing"},
				"up": {"uv": [0, 0, 1, 1], "texture": "#missing"},
				"down": {"uv": [0, 0, 1, 1], "texture": "#missing"}
			}
		},
		{
			"from": [6, 14, 0],
			"to": [11, 15, 4],
			"color": 0,
			"faces": {
				"north": {"uv": [0, 0, 5, 1], "texture": "#missing"},
				"east": {"uv": [0, 0, 4, 1], "texture": "#missing"},
				"south": {"uv": [0, 0, 5, 1], "texture": "#missing"},
				"west": {"uv": [0, 0, 4, 1], "texture": "#missing"},
				"up": {"uv": [0, 0, 5, 4], "texture": "#missing"},
				"down": {"uv": [0, 0, 5, 4], "texture": "#missing"}
			}
		},
		{
			"from": [5, 14, 1],
			"to": [6, 15, 4],
			"color": 0,
			"faces": {
				"north": {"uv": [0, 0, 1, 1], "texture": "#missing"},
				"east": {"uv": [0, 0, 3, 1], "texture": "#missing"},
				"south": {"uv": [0, 0, 1, 1], "texture": "#missing"},
				"west": {"uv": [0, 0, 3, 1], "texture": "#missing"},
				"up": {"uv": [0, 0, 1, 3], "texture": "#missing"},
				"down": {"uv": [0, 0, 1, 3], "texture": "#missing"}
			}
		},
		{
			"from": [7, 14, -1],
			"to": [10, 16, 0],
			"color": 0,
			"faces": {
				"north": {"uv": [0, 0, 3, 2], "texture": "#missing"},
				"east": {"uv": [0, 0, 1, 2], "texture": "#missing"},
				"south": {"uv": [0, 0, 3, 2], "texture": "#missing"},
				"west": {"uv": [0, 0, 1, 2], "texture": "#missing"},
				"up": {"uv": [0, 0, 3, 1], "texture": "#missing"},
				"down": {"uv": [0, 0, 3, 1], "texture": "#missing"}
			}
		},
		{
			"from": [6, 15, 0],
			"to": [11, 16, 1],
			"color": 0,
			"faces": {
				"north": {"uv": [0, 0, 5, 1], "texture": "#missing"},
				"east": {"uv": [0, 0, 1, 1], "texture": "#missing"},
				"south": {"uv": [0, 0, 5, 1], "texture": "#missing"},
				"west": {"uv": [0, 0, 1, 1], "texture": "#missing"},
				"up": {"uv": [0, 0, 5, 1], "texture": "#missing"},
				"down": {"uv": [0, 0, 5, 1], "texture": "#missing"}
			}
		},
		{
			"from": [5, 15, 1],
			"to": [7, 16, 2],
			"color": 0,
			"faces": {
				"north": {"uv": [0, 0, 2, 1], "texture": "#missing"},
				"east": {"uv": [0, 0, 1, 1], "texture": "#missing"},
				"south": {"uv": [0, 0, 2, 1], "texture": "#missing"},
				"west": {"uv": [0, 0, 1, 1], "texture": "#missing"},
				"up": {"uv": [0, 0, 2, 1], "texture": "#missing"},
				"down": {"uv": [0, 0, 2, 1], "texture": "#missing"}
			}
		},
		{
			"from": [11, 15, 3],
			"to": [13, 16, 7],
			"color": 0,
			"faces": {
				"north": {"uv": [0, 0, 2, 1], "texture": "#missing"},
				"east": {"uv": [0, 0, 4, 1], "texture": "#missing"},
				"south": {"uv": [0, 0, 2, 1], "texture": "#missing"},
				"west": {"uv": [0, 0, 4, 1], "texture": "#missing"},
				"up": {"uv": [0, 0, 2, 4], "texture": "#missing"},
				"down": {"uv": [0, 0, 2, 4], "texture": "#missing"}
			}
		}
	],
	"display": {
		"fixed": {
			"rotation": [-90, 0, 0],
			"translation": [0, 6, -16],
			"scale": [2, 2, 2]
		}
	}
}