{
	"credit": "Made with Blockbench",
	"parent": "schnail",
	"textures": {
		"0": "custom/schnail",
		"particle": "custom/schnail"
	},
	"elements": [
		{
			"from": [7, 0, 5],
			"to": [9, 3, 7],
			"faces": {
				"north": {"uv": [9, 0, 11, 3], "texture": "#0"},
				"east": {"uv": [11, 0, 13, 3], "texture": "#0"},
				"south": {"uv": [13, 0, 15, 3], "texture": "#0"},
				"west": {"uv": [7, 0, 9, 3], "texture": "#0"},
				"up": {"uv": [7, 0, 9, 2], "texture": "#0"},
				"down": {"uv": [11, 0, 13, 2], "texture": "#0"}
			}
		},
		{
			"from": [7, 0, 7],
			"to": [9, 1, 12],
			"faces": {
				"north": {"uv": [12, 2, 14, 3], "texture": "#0"},
				"east": {"uv": [7, 1, 12, 2], "texture": "#0"},
				"south": {"uv": [12, 2, 14, 3], "texture": "#0"},
				"west": {"uv": [7, 1, 12, 2], "texture": "#0"},
				"up": {"uv": [7, 0, 12, 2], "rotation": 90, "texture": "#0"},
				"down": {"uv": [10, 0, 15, 2], "rotation": 90, "texture": "#0"}
			}
		},
		{
			"from": [6.5, 1, 7],
			"to": [9.5, 4, 11],
			"faces": {
				"north": {"uv": [4, 3, 7, 6], "texture": "#0"},
				"east": {"uv": [4, 3, 0, 6], "texture": "#0"},
				"south": {"uv": [4, 3, 7, 6], "texture": "#0"},
				"west": {"uv": [0, 3, 4, 6], "texture": "#0"},
				"up": {"uv": [0, 0, 4, 3], "rotation": 90, "texture": "#0"},
				"down": {"uv": [7, 0, 11, 3], "rotation": 90, "texture": "#0"}
			}
		},
		{
			"from": [7, 3, 4],
			"to": [9, 5, 6],
			"faces": {
				"north": {"uv": [7, 0, 9, 2], "texture": "#0"},
				"east": {"uv": [11, 0, 13, 2], "texture": "#0"},
				"south": {"uv": [9, 0, 11, 2], "texture": "#0"},
				"west": {"uv": [13, 0, 15, 2], "texture": "#0"},
				"up": {"uv": [11, 1, 13, 3], "texture": "#0"},
				"down": {"uv": [9, 1, 11, 3], "texture": "#0"}
			}
		},
		{
			"from": [7, 5, 3],
			"to": [7, 8, 5],
			"faces": {
				"north": {"uv": [0, 0, 0, 3], "texture": "#missing"},
				"east": {"uv": [11, 3, 9, 6], "texture": "#0"},
				"south": {"uv": [0, 0, 0, 3], "texture": "#missing"},
				"west": {"uv": [9, 3, 11, 6], "texture": "#0"},
				"up": {"uv": [0, 0, 0, 2], "texture": "#missing"},
				"down": {"uv": [0, 0, 0, 2], "texture": "#missing"}
			}
		},
		{
			"from": [9, 5, 3],
			"to": [9, 8, 5],
			"faces": {
				"north": {"uv": [0, 0, 0, 3], "texture": "#missing"},
				"east": {"uv": [9, 3, 7, 6], "texture": "#0"},
				"south": {"uv": [0, 0, 0, 3], "texture": "#missing"},
				"west": {"uv": [7, 3, 9, 6], "texture": "#0"},
				"up": {"uv": [0, 0, 0, 2], "texture": "#missing"},
				"down": {"uv": [0, 0, 0, 2], "texture": "#missing"}
			}
		}
	],
	"display": {
		"thirdperson_righthand": {
			"translation": [0, 6.5, 7],
			"scale": [0.8, 0.8, 0.8]
		},
		"thirdperson_lefthand": {
			"translation": [0, 6.5, 7],
			"scale": [0.8, 0.8, 0.8]
		},
		"firstperson_righthand": {
			"translation": [0, 8, 5],
			"scale": [0.8, 0.8, 0.8]
		},
		"firstperson_lefthand": {
			"translation": [0, 8, 5],
			"scale": [0.8, 0.8, 0.8]
		},
		"ground": {
			"translation": [0, 6.75, 0],
			"scale": [0.8, 0.8, 0.8]
		},
		"gui": {
			"rotation": [0, 110, 15],
			"translation": [1.25, 6, 0],
			"scale": [1.6, 1.6, 1.6]
		},
		"head": {
			"translation": [0, -30.5, 0],
			"scale": [1.8, 1.8, 1.8]
		},
		"fixed": {
			"rotation": [-90, 0, 0],
			"translation": [0, 0.25, -12.75],
			"scale": [1.6, 1.6, 1.6]
		}
	}
}