{
	"credit": "Made with Blockbench",
	"parent": "shadowhands",
	"texture_size": [16, 36],
	"textures": {
		"0": "custom/shadow",
		"particle": "custom/shadow"
	},
	"elements": [
		{
			"from": [0, 0, 0],
			"to": [16, 0, 16],
			"faces": {
				"north": {"uv": [0, 0, 16, 0], "texture": "#missing"},
				"east": {"uv": [0, 0, 16, 0], "texture": "#missing"},
				"south": {"uv": [0, 0, 16, 0], "texture": "#missing"},
				"west": {"uv": [0, 0, 16, 0], "texture": "#missing"},
				"up": {"uv": [0, 0, 16, 7.11111], "texture": "#0"},
				"down": {"uv": [0, 0, 16, 7.11111], "texture": "#0"}
			}
		},
		{
			"from": [14, 0, 1],
			"to": [14, 32, 17],
			"faces": {
				"north": {"uv": [0, 0, 0, 8.88889], "texture": "#missing"},
				"east": {"uv": [16, 7.11111, 0, 16], "texture": "#0"},
				"south": {"uv": [0, 0, 0, 8.88889], "texture": "#missing"},
				"west": {"uv": [0, 7.11111, 16, 16], "texture": "#0"},
				"up": {"uv": [0, 0, 0, 7.11111], "texture": "#0"},
				"down": {"uv": [0, 0, 0, 7.11111], "texture": "#0"}
			}
		},
		{
			"from": [2, 0, -2],
			"to": [2, 32, 14],
			"faces": {
				"north": {"uv": [0, 0, 0, 8.88889], "texture": "#missing"},
				"east": {"uv": [0, 7.11111, 16, 16], "texture": "#0"},
				"south": {"uv": [0, 0, 0, 8.88889], "texture": "#missing"},
				"west": {"uv": [16, 7.11111, 0, 16], "texture": "#0"},
				"up": {"uv": [0, 0, 0, 7.11111], "rotation": 180, "texture": "#0"},
				"down": {"uv": [0, 0, 0, 7.11111], "rotation": 180, "texture": "#0"}
			}
		}
	],
	"display": {
		"thirdperson_righthand": {
			"scale": [0, 0, 0]
		},
		"thirdperson_lefthand": {
			"scale": [0, 0, 0]
		},
		"firstperson_righthand": {
			"scale": [0, 0, 0]
		},
		"firstperson_lefthand": {
			"scale": [0, 0, 0]
		},
		"ground": {
			"scale": [0, 0, 0]
		},
		"gui": {
			"scale": [0, 0, 0]
		},
		"head": {
			"translation": [0, -20, 0],
			"scale": [4, 3, 4]
		},
		"fixed": {
			"scale": [0, 0, 0]
		}
	}
}