{
	"credit": "Made with Blockbench",
	"parent": "start",
	"texture_size": [2048, 32],
	"textures": {
		"0": "custom/magic_glyphs",
		"particle": "custom/magic_glyphs"
	},
	"elements": [
		{
			"from": [0, 0, 7],
			"to": [16, 16, 7],
			"rotation": {"angle": 0, "axis": "y", "origin": [0, 0, 7]},
			"faces": {
				"north": {"uv": [0.5, 0, 0.75, 16], "texture": "#0"},
				"east": {"uv": [0, 0, 0, 8], "texture": "#missing"},
				"south": {"uv": [0.75, 0, 0.5, 16], "texture": "#0"},
				"west": {"uv": [0, 0, 0, 8], "texture": "#missing"},
				"up": {"uv": [0, 0, 8, 0], "texture": "#missing"},
				"down": {"uv": [0, 0, 8, 0], "texture": "#missing"}
			}
		},
		{
			"from": [1, -10, 8],
			"to": [21, 10, 8],
			"rotation": {"angle": 45, "axis": "z", "origin": [0, 0, 7]},
			"faces": {
				"north": {"uv": [0, 0, 0.25, 16], "texture": "#0"},
				"east": {"uv": [0, 0, 0, 8], "texture": "#missing"},
				"south": {"uv": [0.25, 0, 0, 16], "texture": "#0"},
				"west": {"uv": [0, 0, 0, 8], "texture": "#missing"},
				"up": {"uv": [0, 0, 8, 0], "texture": "#missing"},
				"down": {"uv": [0, 0, 8, 0], "texture": "#missing"}
			}
		}
	],
	"display": {
		"firstperson_righthand": {
			"scale": [0, 0, 0]
		},
		"firstperson_lefthand": {
			"scale": [0, 0, 0]
		},
		"ground": {
			"scale": [0, 0, 0]
		},
		"head": {
			"translation": [0, -45, 0],
			"scale": [2, 2, 1]
		},
		"fixed": {
			"scale": [0, 0, 0]
		}
	}
}