{
	"credit": "Made with Blockbench",
	"texture_size": [16, 58],
	"textures": {
		"0": "custom/hidden/boner-excerpt",
		"particle": "custom/hidden/boner-excerpt"
	},
	"elements": [
		{
			"from": [7, 4, 1],
			"to": [8, 11, 15],
			"faces": {
				"north": {"uv": [0, 0.27586, 1, 2.2069], "texture": "#0"},
				"east": {"uv": [15, 8.27586, 1, 10.20689], "texture": "#0"},
				"south": {"uv": [15, 0.27586, 16, 2.2069], "texture": "#0"},
				"west": {"uv": [1, 8.27586, 15, 10.20689], "texture": "#0"},
				"up": {"uv": [1, 0, 15, 0.27586], "rotation": 270, "texture": "#0"},
				"down": {"uv": [1, 2.2069, 15, 2.48276], "rotation": 90, "texture": "#0"}
			}
		},
		{
			"from": [7.5, 5, 15],
			"to": [7.5, 10, 20],
			"faces": {
				"north": {"uv": [0, 0, 0, 1.37931], "texture": "#missing"},
				"east": {"uv": [5, 14.34483, 0, 15.72414], "texture": "#0"},
				"south": {"uv": [0, 0, 0, 1.37931], "texture": "#missing"},
				"west": {"uv": [0, 14.34483, 5, 15.72414], "texture": "#0"},
				"up": {"uv": [0, 0, 0, 1.37931], "texture": "#missing"},
				"down": {"uv": [0, 0, 0, 1.37931], "texture": "#missing"}
			}
		}
	],
	"display": {
		"thirdperson_righthand": {
			"translation": [0, 0, -3.5],
			"scale": [0.6, 0.6, 0.6]
		},
		"thirdperson_lefthand": {
			"translation": [0, 0, -3.5],
			"scale": [0.6, 0.6, 0.6]
		},
		"firstperson_righthand": {
			"rotation": [-75, 10, 25],
			"translation": [0, 2.75, 0],
			"scale": [0.8, 0.8, 0.8]
		},
		"firstperson_lefthand": {
			"rotation": [-75, 10, 25],
			"translation": [0, 2.75, 0],
			"scale": [0.8, 0.8, 0.8]
		},
		"ground": {
			"rotation": [-70, 0, 0],
			"translation": [0, 1.5, 0],
			"scale": [0.6, 0.6, 0.6]
		},
		"gui": {
			"rotation": [45, -155, 45],
			"translation": [0.75, -0.5, 0]
		},
		"head": {
			"scale": [0, 0, 0]
		},
		"fixed": {
			"rotation": [-90, 0, -90],
			"scale": [1.4, 1.4, 1.4]
		}
	}
}