{
	"credit": "Made with Blockbench",
	"parent": "amulet_growth",
	"texture_size": [32, 16],
	"textures": {
		"0": "custom/amulet_growth",
		"particle": "custom/amulet_growth"
	},
	"elements": [
		{
			"from": [4, 4, 4],
			"to": [12, 12, 12],
			"faces": {
				"north": {"uv": [4, 8, 8, 16], "texture": "#0"},
				"east": {"uv": [0, 8, 4, 16], "texture": "#0"},
				"south": {"uv": [12, 8, 16, 16], "texture": "#0"},
				"west": {"uv": [8, 8, 12, 16], "texture": "#0"},
				"up": {"uv": [4, 0, 8, 8], "texture": "#0"},
				"down": {"uv": [8, 0, 12, 8], "texture": "#0"}
			}
		}
	],
	"display": {
		"gui": {
			"rotation": [25, 135, 0],
			"scale": [1.3, 1.3, 1.3]
		},
		"head": {
			"scale": [2, 2, 2]
		}
	}
}