{
	"credit": "Made with Blockbench",
	"parent": "backpack",
	"texture_size": [48, 40],
	"textures": {
		"0": "custom/backpack",
		"particle": "custom/backpack"
	},
	"elements": [
		{
			"from": [4, 0, 0],
			"to": [14, 14, 7],
			"faces": {
				"north": {"uv": [2.33333, 2.8, 5.66667, 8.4], "texture": "#0"},
				"east": {"uv": [0, 2.8, 2.33333, 8.4], "texture": "#0"},
				"south": {"uv": [8, 2.8, 11.33333, 8.4], "texture": "#0"},
				"west": {"uv": [5.66667, 2.8, 8, 8.4], "texture": "#0"},
				"up": {"uv": [2.33333, 0, 5.66667, 2.8], "texture": "#0"},
				"down": {"uv": [2.33333, 8.4, 5.66667, 11.2], "texture": "#0"}
			}
		},
		{
			"from": [4, 1, 7],
			"to": [14, 11, 8],
			"faces": {
				"north": {"uv": [0, 0, 2.5, 2.5], "texture": "#missing"},
				"east": {"uv": [15, 4, 15.33333, 8], "texture": "#0"},
				"south": {"uv": [11.66667, 4, 15, 8], "texture": "#0"},
				"west": {"uv": [11.33333, 4, 11.66667, 8], "texture": "#0"},
				"up": {"uv": [11.66667, 3.6, 15, 4], "texture": "#0"},
				"down": {"uv": [11.66667, 8, 15, 8.4], "texture": "#0"}
			}
		},
		{
			"from": [4, 2, -4],
			"to": [4, 14, 0],
			"faces": {
				"north": {"uv": [0, 0, 0, 1.25], "texture": "#missing"},
				"east": {"uv": [0, 8.4, 1.33333, 13.2], "texture": "#0"},
				"south": {"uv": [0, 0, 0, 1.25], "texture": "#missing"},
				"west": {"uv": [1.33333, 8.4, 0, 13.2], "texture": "#0"},
				"up": {"uv": [0, 0, 0, 1], "texture": "#missing"},
				"down": {"uv": [0, 0, 0, 1], "texture": "#missing"}
			}
		},
		{
			"from": [14, 2, -4],
			"to": [14, 14, 0],
			"faces": {
				"north": {"uv": [0, 0, 0, 1.25], "texture": "#missing"},
				"east": {"uv": [0, 8.4, 1.33333, 13.2], "texture": "#0"},
				"south": {"uv": [0, 0, 0, 1.25], "texture": "#missing"},
				"west": {"uv": [1.33333, 8.4, 0, 13.2], "texture": "#0"},
				"up": {"uv": [0, 0, 0, 1], "texture": "#missing"},
				"down": {"uv": [0, 0, 0, 1], "texture": "#missing"}
			}
		},
		{
			"from": [3, 14, 2],
			"to": [15, 19, 8],
			"faces": {
				"north": {"uv": [3.33333, 11.2, 7.33333, 13.2], "texture": "#0"},
				"east": {"uv": [1.33333, 11.2, 3.33333, 13.2], "texture": "#0"},
				"south": {"uv": [9.33333, 11.2, 13.33333, 13.2], "texture": "#0"},
				"west": {"uv": [7.33333, 11.2, 9.33333, 13.2], "texture": "#0"},
				"up": {"uv": [3.33333, 13.2, 7.33333, 15.6], "texture": "#0"},
				"down": {"uv": [7.33333, 13.2, 11.33333, 15.6], "texture": "#0"}
			}
		},
		{
			"from": [5, 14, 0],
			"to": [13, 15, 2],
			"faces": {
				"north": {"uv": [0, 8.4, 0.33333, 8.8], "texture": "#0"},
				"east": {"uv": [0, 8.4, 0.33333, 8.65], "texture": "#0"},
				"south": {"uv": [0, 8.4, 2, 8.8], "texture": "#missing"},
				"west": {"uv": [0, 8.4, 0.33333, 8.65], "texture": "#0"},
				"up": {"uv": [0, 8.4, 0.33333, 8.8], "texture": "#0"},
				"down": {"uv": [0, 8.4, 0.33333, 8.8], "texture": "#missing"}
			}
		}
	],
	"display": {
		"thirdperson_righthand": {
			"rotation": [68, 0, 0],
			"translation": [-6.75, -12.5, 10]
		},
		"thirdperson_lefthand": {
			"rotation": [68, 0, 0],
			"translation": [-4.75, -12.5, 10]
		},
		"firstperson_righthand": {
			"rotation": [0, -180, 0],
			"scale": [0, 0, 0]
		},
		"firstperson_lefthand": {
			"rotation": [0, -180, 0],
			"scale": [0, 0, 0]
		},
		"ground": {
			"rotation": [-25, 0, 0],
			"translation": [0, 3, 2.5],
			"scale": [0.6, 0.6, 0.6]
		},
		"gui": {
			"rotation": [25, 45, 0],
			"translation": [2, -2.25, 0],
			"scale": [0.7, 0.7, 0.7]
		},
		"head": {
			"scale": [0, 0, 0]
		}
	}
}