{
	"credit": "Made with Blockbench",
	"textures": {
		"0": "custom/gold",
		"particle": "custom/gold"
	},
	"elements": [
		{
			"from": [4, 2, 2],
			"to": [12, 6, 10],
			"faces": {
				"north": {"uv": [5, 0, 16, 5], "texture": "#0"},
				"east": {"uv": [0, 0, 11, 5], "texture": "#0"},
				"south": {"uv": [5, 0, 16, 5], "texture": "#0"},
				"west": {"uv": [0, 0, 11, 5], "texture": "#0"},
				"up": {"uv": [10, 10, 0, 0], "texture": "#0"},
				"down": {"uv": [8, 8, 16, 16], "texture": "#0"}
			}
		},
		{
			"from": [4, 0, 2],
			"to": [12, 1, 10],
			"faces": {
				"north": {"uv": [3, 10, 4, 11], "texture": "#0"},
				"east": {"uv": [1, 10, 2, 11], "texture": "#0"},
				"south": {"uv": [2, 10, 3, 11], "texture": "#0"},
				"west": {"uv": [1, 10, 2, 11], "texture": "#0"},
				"up": {"uv": [0, 10, 1, 11], "texture": "#0"},
				"down": {"uv": [0, 10, 1, 11], "texture": "#0"}
			}
		},
		{
			"from": [4.5, 1, 2.5],
			"to": [11.5, 2, 9.5],
			"faces": {
				"north": {"uv": [3, 10, 4, 11], "texture": "#0"},
				"east": {"uv": [1, 10, 2, 11], "texture": "#0"},
				"south": {"uv": [2, 10, 3, 11], "texture": "#0"},
				"west": {"uv": [1, 10, 2, 11], "texture": "#0"},
				"up": {"uv": [0, 10, 1, 11], "texture": "#0"},
				"down": {"uv": [0, 10, 1, 11], "texture": "#0"}
			}
		}
	],
	"display": {
		"thirdperson_righthand": {
			"rotation": [0, -180, 0],
			"translation": [-2, 3.75, -3.75],
			"scale": [0.6, 0.6, 0.6]
		},
		"thirdperson_lefthand": {
			"rotation": [0, -180, 0],
			"translation": [-1.5, 3.75, -3.75],
			"scale": [0.6, 0.6, 0.6]
		},
		"firstperson_righthand": {
			"rotation": [0, 150, 0],
			"translation": [0, 7, 0],
			"scale": [0.6, 0.6, 0.6]
		},
		"firstperson_lefthand": {
			"rotation": [0, 150, 0],
			"translation": [0, 7, 0],
			"scale": [0.6, 0.6, 0.6]
		},
		"ground": {
			"translation": [0, 4, 0],
			"scale": [0.6, 0.6, 0.6]
		},
		"gui": {
			"rotation": [25, 135, 0],
			"translation": [0.25, 1.5, 0],
			"scale": [0.6, 0.6, 0.6]
		},
		"head": {
			"translation": [0, 0.5, 2.5]
		},
		"fixed": {
			"rotation": [-90, 0, 0],
			"translation": [0, 4, -16],
			"scale": [2, 2, 2]
		}
	}
}