{
	"credit": "Made with Blockbench",
	"parent": "buckler",
	"texture_size": [32, 32],
	"textures": {
		"0": "custom/buckler",
		"particle": "custom/buckler"
	},
	"elements": [
		{
			"from": [4, 4, 7],
			"to": [12, 8, 8],
			"faces": {
				"north": {"uv": [0, 1, 4, 3], "texture": "#0"},
				"east": {"uv": [4, 1, 4.5, 3], "texture": "#0"},
				"south": {"uv": [4.5, 1, 8.5, 3], "texture": "#0"},
				"west": {"uv": [4, 1, 4.5, 3], "texture": "#0"},
				"up": {"uv": [4, 0, 4.5, 0.5], "texture": "#0"},
				"down": {"uv": [4, 3, 4.5, 3.5], "texture": "#0"}
			}
		},
		{
			"from": [6, 2, 7],
			"to": [10, 4, 8],
			"faces": {
				"north": {"uv": [1, 3, 3, 4], "texture": "#0"},
				"east": {"uv": [4, 3, 4.5, 4], "texture": "#0"},
				"south": {"uv": [5.5, 0, 7.5, 1], "rotation": 180, "texture": "#0"},
				"west": {"uv": [4, 3, 4.5, 4], "texture": "#0"},
				"up": {"uv": [0, 0, 2, 0.5], "texture": "#missing"},
				"down": {"uv": [4, 1, 4.5, 3], "rotation": 90, "texture": "#0"}
			}
		},
		{
			"from": [6, 8, 7],
			"to": [10, 10, 8],
			"faces": {
				"north": {"uv": [1, 0, 3, 1], "texture": "#0"},
				"east": {"uv": [4, 0, 4.5, 1], "texture": "#0"},
				"south": {"uv": [5.5, 0, 7.5, 1], "texture": "#0"},
				"west": {"uv": [4, 0, 4.5, 0.5], "texture": "#0"},
				"up": {"uv": [4, 0, 4.5, 0.5], "texture": "#0"},
				"down": {"uv": [0, 0, 2, 0.5], "texture": "#missing"}
			}
		},
		{
			"from": [5, 8, 7],
			"to": [6, 9, 8],
			"faces": {
				"north": {"uv": [3, 0.5, 3.5, 1], "texture": "#0"},
				"east": {"uv": [0, 0, 0.5, 0.5], "texture": "#missing"},
				"south": {"uv": [5, 0.5, 5.5, 1], "texture": "#0"},
				"west": {"uv": [4, 0.5, 4.5, 1], "texture": "#0"},
				"up": {"uv": [4, 0.5, 4.5, 1], "texture": "#0"},
				"down": {"uv": [0, 0, 0.5, 0.5], "texture": "#missing"}
			}
		},
		{
			"from": [10, 8, 7],
			"to": [11, 9, 8],
			"faces": {
				"north": {"uv": [0.5, 0.5, 1, 1], "texture": "#0"},
				"east": {"uv": [4, 0.5, 4.5, 1], "texture": "#0"},
				"south": {"uv": [7.5, 0.5, 8, 1], "texture": "#0"},
				"west": {"uv": [0, 0, 0.5, 0.5], "texture": "#missing"},
				"up": {"uv": [4, 0, 4.5, 0.5], "texture": "#0"},
				"down": {"uv": [0, 0, 0.5, 0.5], "texture": "#missing"}
			}
		},
		{
			"from": [10, 3, 7],
			"to": [11, 4, 8],
			"faces": {
				"north": {"uv": [3, 3, 3.5, 3.5], "texture": "#0"},
				"east": {"uv": [4, 3, 4.5, 3.5], "texture": "#0"},
				"south": {"uv": [7.5, 3, 8, 3.5], "texture": "#0"},
				"west": {"uv": [0, 0, 0.5, 0.5], "texture": "#missing"},
				"up": {"uv": [0, 0, 0.5, 0.5], "texture": "#missing"},
				"down": {"uv": [4, 0.5, 4.5, 1], "texture": "#0"}
			}
		},
		{
			"from": [5, 3, 7],
			"to": [6, 4, 8],
			"faces": {
				"north": {"uv": [3, 3, 3.5, 3.5], "texture": "#0"},
				"east": {"uv": [0, 0, 0.5, 0.5], "texture": "#missing"},
				"south": {"uv": [5, 3, 5.5, 3.5], "texture": "#0"},
				"west": {"uv": [4, 3, 4.5, 3.5], "texture": "#0"},
				"up": {"uv": [0, 0, 0.5, 0.5], "texture": "#missing"},
				"down": {"uv": [4, 3, 4.5, 3.5], "texture": "#0"}
			}
		}
	],
	"display": {
		"thirdperson_righthand": {
			"translation": [0, 0.5, 0],
			"scale": [1.2, 1.2, 1.2]
		},
		"thirdperson_lefthand": {
			"translation": [0, 0.5, 0],
			"scale": [1.2, 1.2, 1.2]
		},
		"gui": {
			"rotation": [-25, 170, 0],
			"translation": [0.25, 3.25, 0],
			"scale": [2, 2, 2]
		}
	}
}