{
	"credit": "Made with Blockbench",
	"parent": "klaatucane",
	"ambientocclusion": false,
	"texture_size": [8, 32],
	"textures": {
		"0": "custom/cane_bird",
		"particle": "custom/cane_bird"
	},
	"elements": [
		{
			"name": "cane",
			"from": [7, 0, 7],
			"to": [9, 24, 8],
			"faces": {
				"north": {"uv": [2, 3.5, 6, 15.5], "texture": "#0"},
				"east": {"uv": [0, 3.5, 2, 15.5], "texture": "#0"},
				"south": {"uv": [8, 3.5, 12, 15.5], "texture": "#0"},
				"west": {"uv": [6, 3.5, 8, 15.5], "texture": "#0"},
				"up": {"uv": [2, 3, 6, 3.5], "texture": "#0"},
				"down": {"uv": [2, 15.5, 6, 16], "texture": "#0"}
			}
		},
		{
			"name": "ornament",
			"from": [8, 24, 3],
			"to": [8, 28, 10],
			"faces": {
				"north": {"uv": [0, 0, 0, 2], "texture": "#missing"},
				"east": {"uv": [14, 0, 0, 2], "texture": "#0"},
				"south": {"uv": [0, 0, 0, 2], "texture": "#missing"},
				"west": {"uv": [0, 0, 14, 2], "texture": "#0"},
				"up": {"uv": [0, 0, 0, 3.5], "texture": "#missing"},
				"down": {"uv": [0, 0, 0, 3.5], "texture": "#missing"}
			}
		}
	],
	"display": {
		"thirdperson_righthand": {
			"rotation": [60, 0, 0],
			"translation": [0, -4.75, -4.5]
		},
		"thirdperson_lefthand": {
			"rotation": [60, 0, 0],
			"translation": [0, -4.75, -4.5]
		},
		"ground": {
			"rotation": [25, 0, 0],
			"translation": [0, 2.25, 0],
			"scale": [0.6, 0.6, 0.6]
		},
		"gui": {
			"rotation": [25, 45, -27],
			"translation": [-1, -3.25, 0],
			"scale": [0.8, 0.8, 0.8]
		},
		"fixed": {
			"rotation": [-80, 0, 0],
			"translation": [0, 6, -14],
			"scale": [1.8, 1.8, 1.8]
		}
	}
}