{
	"credit": "Made with Blockbench",
	"texture_size": [128, 760],
	"textures": {
		"0": "custom/clockhand",
		"particle": "custom/clockhand"
	},
	"elements": [
		{
			"from": [-16, 0, 4],
			"to": [32, 0, 12],
			"faces": {
				"north": {"uv": [0, 0, 2, 0], "texture": "#missing"},
				"east": {"uv": [0, 0, 0.25, 0], "texture": "#missing"},
				"south": {"uv": [0, 0, 2, 0], "texture": "#missing"},
				"west": {"uv": [0, 0, 0.25, 0], "texture": "#missing"},
				"up": {"uv": [0, 0, 16, 16], "rotation": 90, "texture": "#0"},
				"down": {"uv": [0, 0, 16, 16], "rotation": 90, "texture": "#0"}
			}
		}
	],
	"display": {
		"head": {
			"translation": [80, -9, 0],
			"scale": [4, 4, 4]
		}
	}
}