{
	"credit": "Made with Blockbench",
	"parent": "corus",
	"texture_size": [48, 4],
	"textures": {
		"0": "custom/corus",
		"particle": "custom/corus"
	},
	"elements": [
		{
			"from": [-16, 6, -15],
			"to": [-15, 7, 31],
			"faces": {
				"north": {"uv": [0, 4, 16, 8], "texture": "#missing"},
				"east": {"uv": [0, 4, 16, 8], "texture": "#0"},
				"south": {"uv": [0, 12, 16, 16], "texture": "#missing"},
				"west": {"uv": [0, 12, 16, 16], "texture": "#0"},
				"up": {"uv": [0, 0, 16, 4], "rotation": 90, "texture": "#0"},
				"down": {"uv": [0, 8, 16, 12], "rotation": 90, "texture": "#0"}
			}
		},
		{
			"from": [31, 6, -15],
			"to": [32, 7, 31],
			"faces": {
				"north": {"uv": [0, 4, 16, 8], "texture": "#missing"},
				"east": {"uv": [0, 4, 16, 8], "texture": "#0"},
				"south": {"uv": [0, 12, 16, 16], "texture": "#missing"},
				"west": {"uv": [0, 12, 16, 16], "texture": "#0"},
				"up": {"uv": [0, 0, 16, 4], "rotation": 90, "texture": "#0"},
				"down": {"uv": [0, 8, 16, 12], "rotation": 90, "texture": "#0"}
			}
		},
		{
			"from": [-16, 6, -16],
			"to": [32, 7, -15],
			"faces": {
				"north": {"uv": [0, 12, 16, 16], "texture": "#0"},
				"east": {"uv": [0, 4, 0.33333, 8], "texture": "#0"},
				"south": {"uv": [0, 4, 16, 8], "texture": "#0"},
				"west": {"uv": [0, 12, 0.33333, 16], "texture": "#0"},
				"up": {"uv": [0, 0, 16, 4], "rotation": 180, "texture": "#0"},
				"down": {"uv": [0, 8, 16, 12], "texture": "#0"}
			}
		},
		{
			"from": [-16, 6, 31],
			"to": [32, 7, 32],
			"faces": {
				"north": {"uv": [0, 12, 16, 16], "texture": "#0"},
				"east": {"uv": [0, 4, 0.33333, 8], "texture": "#0"},
				"south": {"uv": [0, 4, 16, 8], "texture": "#0"},
				"west": {"uv": [0, 12, 0.33333, 16], "texture": "#0"},
				"up": {"uv": [0, 0, 16, 4], "rotation": 180, "texture": "#0"},
				"down": {"uv": [0, 8, 16, 12], "texture": "#0"}
			}
		}
	],
	"display": {
		"head": {
			"scale": [4, 4, 4]
		}
	}
}