{
	"credit": "Made with Blockbench",
	"texture_size": [20, 26],
	"textures": {
		"0": "custom/glasses_lib"
	},
	"elements": [
		{
			"from": [3, 0, 6],
			"to": [13, 7, 6],
			"faces": {
				"north": {"uv": [0, 0, 16, 8], "texture": "#0"},
				"east": {"uv": [0, 0, 0.8, 5], "texture": "#missing"},
				"south": {"uv": [16, 0, 0, 8], "texture": "#0"},
				"west": {"uv": [0, 0, 0.8, 5], "texture": "#missing"},
				"up": {"uv": [0, 0, 8, 1], "texture": "#missing"},
				"down": {"uv": [0, 0, 8, 1], "texture": "#missing"}
			}
		},
		{
			"from": [3, 0, 6],
			"to": [3, 7, 13],
			"faces": {
				"north": {"uv": [0, 0, 0.8, 2], "texture": "#missing"},
				"east": {"uv": [6.4, 8, 16, 16], "texture": "#0"},
				"south": {"uv": [0, 13, 6.4, 16], "texture": "#0"},
				"west": {"uv": [16, 8, 4.8, 16], "texture": "#0"},
				"up": {"uv": [0, 0, 0.8, 5], "texture": "#missing"},
				"down": {"uv": [0, 0, 0.8, 5], "texture": "#missing"}
			}
		},
		{
			"from": [13, 0, 6],
			"to": [13, 7, 13],
			"faces": {
				"north": {"uv": [0, 0, 0.8, 2], "texture": "#missing"},
				"east": {"uv": [6.4, 8, 16, 16], "texture": "#0"},
				"south": {"uv": [0, 13, 6.4, 16], "texture": "#0"},
				"west": {"uv": [16, 8, 4.8, 16], "texture": "#0"},
				"up": {"uv": [0, 0, 0.8, 5], "texture": "#missing"},
				"down": {"uv": [0, 0, 0.8, 5], "texture": "#missing"}
			}
		}
	],
	"display": {
		"thirdperson_righthand": {
			"translation": [0, 2.75, 1.75]
		},
		"thirdperson_lefthand": {
			"translation": [0, 3.75, 1.75]
		},
		"firstperson_righthand": {
			"translation": [0, 4.5, 0]
		},
		"firstperson_lefthand": {
			"translation": [0, 4, 0]
		},
		"ground": {
			"translation": [0, 4, 0]
		},
		"gui": {
			"rotation": [19, -142, 0],
			"translation": [0, 6.25, 0],
			"scale": [1.4, 1.4, 1.4]
		},
		"head": {
			"translation": [0, 8.25, -4.75],
			"scale": [1.4, 1.4, 1.4]
		},
		"fixed": {
			"translation": [0, 5.75, 0],
			"scale": [1.4, 1.4, 1.4]
		}
	}
}