{
	"credit": "Made with Blockbench",
	"parent": "haversack",
	"texture_size": [32, 32],
	"textures": {
		"0": "custom/haversack",
		"particle": "custom/haversack"
	},
	"elements": [
		{
			"from": [0, 0, 0],
			"to": [3, 6, 10],
			"faces": {
				"north": {"uv": [0, 3.5, 1.5, 6.5], "texture": "#0"},
				"east": {"uv": [8, 3.5, 13, 6.5], "texture": "#0"},
				"south": {"uv": [6.5, 3.5, 8, 6.5], "texture": "#0"},
				"west": {"uv": [1.5, 3.5, 6.5, 6.5], "texture": "#0"},
				"up": {"uv": [1.5, 0, 6.5, 1.5], "rotation": 90, "texture": "#0"},
				"down": {"uv": [1.5, 6.5, 6.5, 8], "rotation": 270, "texture": "#0"}
			}
		},
		{
			"from": [1, 6, 0],
			"to": [3, 10, 10],
			"faces": {
				"north": {"uv": [0, 1.5, 1, 3.5], "texture": "#0"},
				"east": {"uv": [8, 1.5, 13, 3.5], "texture": "#0"},
				"south": {"uv": [7, 1.5, 8, 3.5], "texture": "#0"},
				"west": {"uv": [1.5, 1.5, 6.5, 3.5], "texture": "#0"},
				"up": {"uv": [1.5, 0, 6.5, 1], "rotation": 90, "texture": "#0"},
				"down": {"uv": [3.5, 7.5, 4.5, 12.5], "texture": "#0"}
			}
		},
		{
			"from": [3, 10, 1],
			"to": [3, 19, 9],
			"faces": {
				"north": {"uv": [0, 0, 0, 4.5], "texture": "#missing"},
				"east": {"uv": [0, 8, 4, 12.5], "texture": "#0"},
				"south": {"uv": [0, 0, 0, 4.5], "texture": "#missing"},
				"west": {"uv": [0, 8, 4, 12.5], "texture": "#0"},
				"up": {"uv": [0, 0, 0, 4], "texture": "#missing"},
				"down": {"uv": [0, 0, 0, 4], "texture": "#missing"}
			}
		}
	],
	"display": {
		"thirdperson_righthand": {
			"rotation": [70, 125, 0],
			"translation": [-1.75, -1.25, 1]
		},
		"thirdperson_lefthand": {
			"rotation": [70, -50, 0],
			"translation": [-7, -5, 3]
		},
		"firstperson_righthand": {
			"scale": [0, 0, 0]
		},
		"firstperson_lefthand": {
			"scale": [0, 0, 0]
		},
		"ground": {
			"rotation": [0, 0, -25],
			"translation": [2.75, 0, 2.5],
			"scale": [0.6, 0.6, 0.6]
		},
		"gui": {
			"rotation": [25, 45, 0],
			"translation": [5, 0.25, 0],
			"scale": [0.8, 0.8, 0.8]
		},
		"head": {
			"scale": [0, 0, 0]
		},
		"fixed": {
			"rotation": [0, -90, 0],
			"translation": [-5, -11, 7.25],
			"scale": [1.6, 1.6, 1.6]
		}
	}
}