{
	"credit": "Made with Blockbench",
	"textures": {
		"0": "custom/copper"
	},
	"elements": [
		{
			"from": [7, 1, 12],
			"to": [8, 4, 14],
			"faces": {
				"north": {"uv": [10, 0, 11, 3], "texture": "#0"},
				"east": {"uv": [16, 7, 14, 10], "texture": "#0"},
				"south": {"uv": [15, 7, 16, 10], "texture": "#0"},
				"west": {"uv": [14, 7, 16, 10], "texture": "#0"},
				"up": {"uv": [5, 1, 7, 2], "texture": "#0"},
				"down": {"uv": [13, 9, 16, 10], "texture": "#0"}
			}
		},
		{
			"from": [7, 1, 9],
			"to": [8, 4, 11],
			"faces": {
				"north": {"uv": [10, 0, 11, 3], "texture": "#0"},
				"east": {"uv": [16, 2, 14, 5], "texture": "#0"},
				"south": {"uv": [15, 7, 16, 10], "texture": "#0"},
				"west": {"uv": [14, 2, 16, 5], "texture": "#0"},
				"up": {"uv": [5, 1, 7, 2], "texture": "#0"},
				"down": {"uv": [13, 9, 16, 10], "texture": "#0"}
			}
		},
		{
			"from": [7, 0, 10],
			"to": [8, 1, 13],
			"faces": {
				"north": {"uv": [15, 6, 16, 7], "texture": "#0"},
				"east": {"uv": [12, 9, 15, 10], "texture": "#0"},
				"south": {"uv": [15, 6, 16, 7], "texture": "#0"},
				"west": {"uv": [15, 9, 12, 10], "texture": "#0"},
				"up": {"uv": [15, 4, 16, 7], "texture": "#0"},
				"down": {"uv": [15, 6, 16, 9], "texture": "#0"}
			}
		},
		{
			"from": [7, 4, 10],
			"to": [8, 5, 13],
			"faces": {
				"north": {"uv": [2, 1, 3, 2], "texture": "#0"},
				"east": {"uv": [2, 1, 5, 2], "texture": "#0"},
				"south": {"uv": [14, 6, 15, 7], "texture": "#0"},
				"west": {"uv": [2, 1, 5, 2], "texture": "#0"},
				"up": {"uv": [1, 1, 2, 4], "texture": "#0"},
				"down": {"uv": [0, 0, 1, 3], "texture": "#missing"}
			}
		},
		{
			"from": [7, 2, 1],
			"to": [8, 4, 9],
			"faces": {
				"north": {"uv": [1, 1, 2, 3], "texture": "#0"},
				"east": {"uv": [1, 1, 9, 3], "texture": "#0"},
				"south": {"uv": [0, 0, 1, 2], "texture": "#missing"},
				"west": {"uv": [1, 3, 9, 5], "texture": "#0"},
				"up": {"uv": [1, 1, 2, 9], "texture": "#0"},
				"down": {"uv": [14, 1, 15, 9], "texture": "#0"}
			}
		},
		{
			"from": [7, 0, 1],
			"to": [8, 2, 4],
			"faces": {
				"north": {"uv": [2, 1, 3, 3], "texture": "#0"},
				"east": {"uv": [13, 10, 16, 8], "texture": "#0"},
				"south": {"uv": [15, 6, 16, 8], "texture": "#0"},
				"west": {"uv": [13, 10, 16, 8], "texture": "#0"},
				"up": {"uv": [15, 7, 16, 10], "texture": "#0"},
				"down": {"uv": [15, 7, 16, 10], "texture": "#0"}
			}
		},
		{
			"from": [7, 1, 5],
			"to": [8, 2, 8],
			"faces": {
				"north": {"uv": [2, 1, 3, 3], "texture": "#0"},
				"east": {"uv": [13, 10, 16, 9], "texture": "#0"},
				"south": {"uv": [15, 6, 16, 8], "texture": "#0"},
				"west": {"uv": [13, 9, 16, 8], "texture": "#0"},
				"up": {"uv": [15, 7, 16, 10], "texture": "#0"},
				"down": {"uv": [15, 7, 16, 10], "texture": "#0"}
			}
		}
	],
	"display": {
		"thirdperson_righthand": {
			"translation": [0.25, 3, 0],
			"scale": [0.5, 0.5, 0.5]
		},
		"thirdperson_lefthand": {
			"translation": [0, 3, 0],
			"scale": [0.5, 0.5, 0.5]
		},
		"firstperson_righthand": {
			"rotation": [0, 2, 0],
			"translation": [-1.75, 8, 0.25]
		},
		"firstperson_lefthand": {
			"rotation": [0, -2, 0],
			"translation": [-2.25, 8, 0]
		},
		"ground": {
			"translation": [0, 0.75, 0],
			"scale": [0.5, 0.5, 0.5]
		},
		"gui": {
			"rotation": [29, 121, 0],
			"translation": [0.5, 6, 0],
			"scale": [1.2, 1.2, 1.2]
		},
		"fixed": {
			"rotation": [0, 90, 0],
			"translation": [0.75, 7, -1.25],
			"scale": [1.4, 1.4, 1.4]
		}
	}
}