{
	"credit": "Made with Blockbench",
	"parent": "mayorhat",
	"texture_size": [32, 32],
	"textures": {
		"0": "custom/mayorhat",
		"particle": "custom/mayorhat"
	},
	"elements": [
		{
			"from": [6, 0, 3],
			"to": [10, 1, 13],
			"faces": {
				"north": {"uv": [1.5, 11, 3.5, 11.5], "texture": "#0"},
				"east": {"uv": [0, 11, 5, 11.5], "texture": "#0"},
				"south": {"uv": [1.5, 11, 3.5, 11.5], "texture": "#0"},
				"west": {"uv": [0, 11, 5, 11.5], "texture": "#0"},
				"up": {"uv": [1.5, 6, 3.5, 11], "texture": "#0"},
				"down": {"uv": [6.5, 6, 8.5, 11], "texture": "#0"}
			}
		},
		{
			"from": [3, 1, 5],
			"to": [4, 2, 11],
			"faces": {
				"north": {"uv": [4.5, 11, 5, 11.5], "texture": "#0"},
				"east": {"uv": [1, 11, 4, 11.5], "texture": "#0"},
				"south": {"uv": [4.5, 11, 5, 11.5], "texture": "#0"},
				"west": {"uv": [1, 11, 4, 11.5], "texture": "#0"},
				"up": {"uv": [4.5, 7, 5, 10], "texture": "#0"},
				"down": {"uv": [9.5, 7, 10, 10], "texture": "#0"}
			}
		},
		{
			"from": [12, 1, 5],
			"to": [13, 2, 11],
			"faces": {
				"north": {"uv": [0, 11, 0.5, 11.5], "texture": "#0"},
				"east": {"uv": [1, 11, 4, 11.5], "texture": "#0"},
				"south": {"uv": [0, 11, 0.5, 11.5], "texture": "#0"},
				"west": {"uv": [1, 11, 4, 11.5], "texture": "#0"},
				"up": {"uv": [0, 7, 0.5, 10], "texture": "#0"},
				"down": {"uv": [0, 7, 0.5, 10], "texture": "#0"}
			}
		},
		{
			"from": [4, 0.5, 4],
			"to": [6, 1.5, 12],
			"faces": {
				"north": {"uv": [3.5, 11, 4.5, 11.5], "texture": "#0"},
				"east": {"uv": [0.5, 11, 4.5, 11.5], "texture": "#0"},
				"south": {"uv": [3.5, 11, 4.5, 11.5], "texture": "#0"},
				"west": {"uv": [0.5, 11, 4.5, 11.5], "texture": "#0"},
				"up": {"uv": [4.5, 6.5, 3.5, 10.5], "texture": "#0"},
				"down": {"uv": [9.5, 6.5, 8.5, 10.5], "texture": "#0"}
			}
		},
		{
			"from": [10, 0.5, 4],
			"to": [12, 1.5, 12],
			"faces": {
				"north": {"uv": [0.5, 11, 1.5, 11.5], "texture": "#0"},
				"east": {"uv": [0.5, 11, 4.5, 11.5], "texture": "#0"},
				"south": {"uv": [0.5, 11, 1.5, 11.5], "texture": "#0"},
				"west": {"uv": [0.5, 11, 4.5, 11.5], "texture": "#0"},
				"up": {"uv": [1.5, 6.5, 0.5, 10.5], "texture": "#0"},
				"down": {"uv": [6.5, 6.5, 5.5, 10.5], "texture": "#0"}
			}
		},
		{
			"from": [5, 1, 5],
			"to": [11, 7, 11],
			"faces": {
				"north": {"uv": [3, 3, 6, 6], "texture": "#0"},
				"east": {"uv": [6, 3, 9, 6], "texture": "#0"},
				"south": {"uv": [9, 3, 12, 6], "texture": "#0"},
				"west": {"uv": [0, 3, 3, 6], "texture": "#0"},
				"up": {"uv": [3, 0, 6, 3], "texture": "#0"},
				"down": {"uv": [6, 0, 9, 3], "texture": "#0"}
			}
		},
		{
			"from": [4.8, 1, 4.8],
			"to": [11.3, 3, 11.3],
			"faces": {
				"north": {"uv": [3, 5, 6, 6], "texture": "#0"},
				"east": {"uv": [6, 5, 9, 6], "texture": "#0"},
				"south": {"uv": [9, 5, 12, 6], "texture": "#0"},
				"west": {"uv": [0, 5, 3, 6], "texture": "#0"},
				"up": {"uv": [0, 0, 3, 3], "texture": "#0"},
				"down": {"uv": [0, 0, 3, 3], "texture": "#0"}
			}
		}
	],
	"display": {
		"thirdperson_righthand": {
			"rotation": [35, 0, 0],
			"translation": [0, 5.75, 2.75]
		},
		"thirdperson_lefthand": {
			"rotation": [35, 0, 0],
			"translation": [0, 5.75, 2.75]
		},
		"firstperson_righthand": {
			"translation": [0, 5.5, 0]
		},
		"firstperson_lefthand": {
			"translation": [0, 5.5, 0]
		},
		"ground": {
			"translation": [0, 5.5, 0]
		},
		"gui": {
			"rotation": [35, 45, 0],
			"translation": [0, 5.25, 0],
			"scale": [1.4, 1.4, 1.4]
		},
		"head": {
			"translation": [0, 21.25, 0],
			"scale": [2, 2, 2]
		},
		"fixed": {
			"rotation": [-90, 0, 0],
			"translation": [0, 0, -15.25],
			"scale": [2, 2, 2]
		}
	}
}