{
	"credit": "Made with Blockbench",
	"texture_size": [32, 48],
	"textures": {
		"0": "custom/newspaper",
		"particle": "custom/newspaper"
	},
	"elements": [
		{
			"from": [4, 0, 7],
			"to": [12, 6, 7],
			"faces": {
				"north": {"uv": [0, 7.66667, 16, 16], "texture": "#0"},
				"east": {"uv": [0, 0, 0, 4], "texture": "#missing"},
				"south": {"uv": [0, 0, 0.5, 0.33333], "texture": "#0"},
				"west": {"uv": [0, 0, 0, 4], "texture": "#missing"},
				"up": {"uv": [0, 0, 4, 0], "texture": "#missing"},
				"down": {"uv": [0, 0, 4, 0], "texture": "#missing"}
			}
		},
		{
			"from": [4, 12.86, -0.8],
			"to": [12, 14.86, -0.8],
			"rotation": {"angle": 45, "axis": "x", "origin": [0, 0, 0]},
			"faces": {
				"north": {"uv": [0, 0, 16, 2.33333], "texture": "#0"},
				"east": {"uv": [0, 0, 0, 4], "texture": "#missing"},
				"south": {"uv": [0, 0, 0.5, 0.33333], "texture": "#0"},
				"west": {"uv": [0, 0, 0, 4], "texture": "#missing"},
				"up": {"uv": [0, 0, 4, 0], "texture": "#missing"},
				"down": {"uv": [0, 0, 4, 0], "texture": "#missing"}
			}
		},
		{
			"from": [4, 8.2, 4.18],
			"to": [12, 12.2, 4.18],
			"rotation": {"angle": 22.5, "axis": "x", "origin": [0, 0, 0]},
			"faces": {
				"north": {"uv": [0, 2.33333, 16, 7.66667], "texture": "#0"},
				"east": {"uv": [0, 0, 0, 4], "texture": "#missing"},
				"south": {"uv": [0, 0, 0.5, 0.33333], "texture": "#0"},
				"west": {"uv": [0, 0, 0, 4], "texture": "#missing"},
				"up": {"uv": [0, 0, 4, 0], "texture": "#missing"},
				"down": {"uv": [0, 0, 4, 0], "texture": "#missing"}
			}
		}
	],
	"display": {
		"thirdperson_righthand": {
			"rotation": [20, -180, 0],
			"translation": [-6, 10.75, 3],
			"scale": [1.6, 1.6, 1.6]
		},
		"thirdperson_lefthand": {
			"rotation": [20, -180, 0],
			"translation": [-6, 10.75, 3.25],
			"scale": [1.6, 1.6, 1.6]
		},
		"firstperson_righthand": {
			"rotation": [0, -180, 0],
			"translation": [-9, 6, 0],
			"scale": [1.6, 1.6, 1.6]
		},
		"firstperson_lefthand": {
			"rotation": [0, -180, 0],
			"translation": [-9, 6, 0],
			"scale": [1.6, 1.6, 1.6]
		},
		"ground": {
			"rotation": [75, 0, 0],
			"translation": [0, 1.75, 2.25]
		},
		"gui": {
			"rotation": [-17, -147, 0],
			"translation": [0, 3.5, 0],
			"scale": [1.2, 1.2, 1]
		},
		"head": {
			"rotation": [11, 0, -180],
			"translation": [0, -4.25, -6.75],
			"scale": [2, 2, 2]
		},
		"fixed": {
			"rotation": [-16, 0, 0],
			"translation": [0, 2.5, -1.5],
			"scale": [1.4, 1.4, 1.4]
		}
	}
}