{
	"credit": "Made with Blockbench",
	"parent": "npc_dexter_lamphat",
	"texture_size": [24, 24],
	"textures": {
		"0": "custom/npc_dexter_lamphat",
		"particle": "custom/npc_dexter_lamphat"
	},
	"elements": [
		{
			"from": [3, 5, 3],
			"to": [13, 6, 13],
			"faces": {
				"north": {"uv": [0.66667, 0, 7.33333, 0.66667], "texture": "#0"},
				"east": {"uv": [0, 0.66667, 0.66667, 7.33333], "rotation": 90, "texture": "#0"},
				"south": {"uv": [0.66667, 7.33333, 7.33333, 8], "texture": "#0"},
				"west": {"uv": [7.33333, 0.66667, 8, 7.33333], "rotation": 90, "texture": "#0"},
				"up": {"uv": [0.66667, 0.66667, 7.33333, 7.33333], "texture": "#0"},
				"down": {"uv": [0.66667, 0.66667, 7.33333, 7.33333], "texture": "#0"}
			}
		},
		{
			"from": [-1, 1, 5],
			"to": [3, 4, 5],
			"rotation": {"angle": 45, "axis": "y", "origin": [0, 0, 0]},
			"faces": {
				"north": {"uv": [13.33333, 2, 16, 4], "texture": "#0"},
				"east": {"uv": [0, 0, 0, 2], "texture": "#missing"},
				"south": {"uv": [13.33333, 2, 16, 4], "texture": "#0"},
				"west": {"uv": [0, 0, 0, 2], "texture": "#missing"},
				"up": {"uv": [0, 0, 2.66667, 0], "texture": "#missing"},
				"down": {"uv": [0, 0, 2.66667, 0], "texture": "#missing"}
			}
		},
		{
			"from": [-1, 2, 5],
			"to": [-1, 5, 8],
			"rotation": {"angle": 45, "axis": "y", "origin": [0, 0, 0]},
			"faces": {
				"north": {"uv": [0, 0, 0, 2.66667], "texture": "#missing"},
				"east": {"uv": [15.33333, 0, 13.33333, 2], "texture": "#0"},
				"south": {"uv": [0, 0, 0, 2.66667], "texture": "#missing"},
				"west": {"uv": [13.33333, 0, 15.33333, 2], "texture": "#0"},
				"up": {"uv": [0, 0, 0, 2], "texture": "#missing"},
				"down": {"uv": [0, 0, 0, 2], "texture": "#missing"}
			}
		},
		{
			"from": [14, 8, 7.5],
			"to": [16, 9, 8.5],
			"faces": {
				"north": {"uv": [10.66667, 0, 11.33333, 0.66667], "texture": "#0"},
				"east": {"uv": [10.66667, 0, 11.33333, 0.66667], "texture": "#0"},
				"south": {"uv": [10.66667, 0, 11.33333, 0.66667], "texture": "#0"},
				"west": {"uv": [10.66667, 0, 11.33333, 0.66667], "texture": "#0"},
				"up": {"uv": [10, 0, 10.66667, 0.66667], "texture": "#0"},
				"down": {"uv": [12, 0, 12.66667, 0.66667], "texture": "#0"}
			}
		},
		{
			"from": [10, 7, 7.5],
			"to": [13, 8, 8.5],
			"faces": {
				"north": {"uv": [10.66667, 0, 11.33333, 0.66667], "texture": "#0"},
				"east": {"uv": [10.66667, 0, 11.33333, 0.66667], "texture": "#0"},
				"south": {"uv": [11.33333, 0, 12, 0.66667], "texture": "#0"},
				"west": {"uv": [10.66667, 0, 11.33333, 0.66667], "texture": "#0"},
				"up": {"uv": [10, 0, 10.66667, 0.66667], "texture": "#0"},
				"down": {"uv": [12, 0, 12.66667, 0.66667], "texture": "#0"}
			}
		},
		{
			"from": [13, 7, 7.5],
			"to": [14, 9, 8.5],
			"faces": {
				"north": {"uv": [12, 0, 12.66667, 0.66667], "texture": "#0"},
				"east": {"uv": [10.66667, 0, 11.33333, 0.66667], "texture": "#0"},
				"south": {"uv": [10.66667, 0, 11.33333, 0.66667], "texture": "#0"},
				"west": {"uv": [10.66667, 0, 11.33333, 0.66667], "texture": "#0"},
				"up": {"uv": [10, 0, 10.66667, 0.66667], "texture": "#0"},
				"down": {"uv": [11.33333, 0, 12, 0.66667], "texture": "#0"}
			}
		},
		{
			"from": [6, 6, 6],
			"to": [10, 9, 10],
			"faces": {
				"north": {"uv": [10.66667, 4, 13.33333, 6], "texture": "#0"},
				"east": {"uv": [13.33333, 4.66667, 16, 6.66667], "texture": "#0"},
				"south": {"uv": [10.66667, 4.66667, 13.33333, 6.66667], "texture": "#0"},
				"west": {"uv": [8, 4.66667, 10.66667, 6.66667], "texture": "#0"},
				"up": {"uv": [10.66667, 2, 13.33333, 4.66667], "texture": "#0"},
				"down": {"uv": [0, 0, 2.66667, 2.66667], "texture": "#missing"}
			}
		},
		{
			"from": [6.5, 9, 6.5],
			"to": [9.5, 11, 9.5],
			"faces": {
				"north": {"uv": [8, 1.33333, 10, 2.66667], "texture": "#0"},
				"east": {"uv": [8, 2, 10, 3.33333], "texture": "#0"},
				"south": {"uv": [8, 2, 10, 3.33333], "texture": "#0"},
				"west": {"uv": [8, 1.33333, 10, 2.66667], "texture": "#0"},
				"up": {"uv": [8, 0, 10, 2], "texture": "#0"},
				"down": {"uv": [8, 2.66667, 10, 4.66667], "texture": "#0"}
			}
		},
		{
			"from": [6.5, 11, 8],
			"to": [9.5, 15, 8],
			"faces": {
				"north": {"uv": [0, 8, 2, 10.66667], "texture": "#0"},
				"east": {"uv": [0, 0, 0, 2.66667], "texture": "#missing"},
				"south": {"uv": [2, 8, 0, 10.66667], "texture": "#0"},
				"west": {"uv": [0, 0, 0, 2.66667], "texture": "#missing"},
				"up": {"uv": [0, 0, 2, 0], "texture": "#missing"},
				"down": {"uv": [0, 0, 2, 0], "texture": "#missing"}
			}
		},
		{
			"from": [5, 9, 10],
			"to": [11, 16, 10],
			"faces": {
				"north": {"uv": [8, 6.66667, 12, 11.33333], "texture": "#0"},
				"east": {"uv": [0, 0, 0, 4.66667], "texture": "#missing"},
				"south": {"uv": [12, 6.66667, 16, 11.33333], "texture": "#0"},
				"west": {"uv": [0, 0, 0, 4.66667], "texture": "#missing"},
				"up": {"uv": [0, 0, 4, 0], "texture": "#missing"},
				"down": {"uv": [0, 0, 4, 0], "texture": "#missing"}
			}
		}
	],
	"display": {
		"ground": {
			"translation": [0, 5.25, 0]
		},
		"gui": {
			"rotation": [25, -135, 0],
			"translation": [0, -1, 0]
		},
		"head": {
			"translation": [0, 11.75, 0],
			"scale": [2, 2, 2]
		},
		"fixed": {
			"rotation": [-65, 0, 0],
			"translation": [0, 5, -10],
			"scale": [2, 2, 2]
		}
	}
}