{
	"credit": "Made with Blockbench",
	"texture_size": [48, 48],
	"textures": {
		"0": "custom/parasol",
		"particle": "custom/parasol"
	},
	"elements": [
		{
			"from": [-4, 7, -4],
			"to": [20, 8, 20],
			"faces": {
				"north": {"uv": [8, 0, 0, 0.33333], "texture": "#0"},
				"east": {"uv": [0, 7.66667, 8, 8], "texture": "#0"},
				"south": {"uv": [0, 7.66667, 8, 8], "texture": "#0"},
				"west": {"uv": [16, 5.33333, 8, 5.66667], "texture": "#0"},
				"up": {"uv": [0, 0, 8, 8], "texture": "#0"},
				"down": {"uv": [0, 8, 8, 16], "texture": "#0"}
			}
		},
		{
			"from": [-4, 3, -5],
			"to": [20, 7, -4],
			"faces": {
				"north": {"uv": [16, 6, 8, 6.33333], "texture": "#0"},
				"east": {"uv": [8, 5.66667, 8.33333, 7], "texture": "#0"},
				"south": {"uv": [8, 7, 16, 7.33333], "texture": "#0"},
				"west": {"uv": [8, 5.66667, 8.33333, 7], "texture": "#0"},
				"up": {"uv": [8, 6, 16, 6.33333], "texture": "#0"},
				"down": {"uv": [8, 7, 16, 7.33333], "texture": "#0"}
			}
		},
		{
			"from": [20, 3, -4],
			"to": [21, 7, 20],
			"faces": {
				"north": {"uv": [8, 5.33333, 8.33333, 6.66667], "texture": "#0"},
				"east": {"uv": [8, 6.66667, 16, 7], "texture": "#0"},
				"south": {"uv": [8, 5.33333, 8.33333, 6.66667], "texture": "#0"},
				"west": {"uv": [8, 7, 16, 7.33333], "texture": "#0"},
				"up": {"uv": [7.66667, 0, 8, 8], "texture": "#0"},
				"down": {"uv": [8, 7, 16, 7.33333], "texture": "#0"}
			}
		},
		{
			"from": [-5, 3, -4],
			"to": [-4, 7, 20],
			"faces": {
				"north": {"uv": [8, 5.33333, 8.33333, 6.66667], "texture": "#0"},
				"east": {"uv": [8, 7, 16, 7.33333], "texture": "#0"},
				"south": {"uv": [8, 5.33333, 8.33333, 6.66667], "texture": "#0"},
				"west": {"uv": [16, 5.33333, 8, 5.66667], "texture": "#0"},
				"up": {"uv": [0, 0, 0.33333, 8], "texture": "#0"},
				"down": {"uv": [8, 7, 16, 7.33333], "texture": "#0"}
			}
		},
		{
			"from": [-4, 3, 20],
			"to": [20, 7, 21],
			"faces": {
				"north": {"uv": [8, 7, 16, 7.33333], "texture": "#0"},
				"east": {"uv": [8, 5.33333, 8.33333, 6.66667], "texture": "#0"},
				"south": {"uv": [8, 6.66667, 16, 7], "texture": "#0"},
				"west": {"uv": [8, 5.33333, 8.33333, 6.66667], "texture": "#0"},
				"up": {"uv": [8, 6.66667, 16, 7], "texture": "#0"},
				"down": {"uv": [8, 7, 16, 7.33333], "texture": "#0"}
			}
		},
		{
			"from": [7.5, 1, 7.5],
			"to": [8.5, 9, 8.5],
			"faces": {
				"north": {"uv": [8.33333, 0, 8.66667, 5.33333], "texture": "#0"},
				"east": {"uv": [8, 0, 8.33333, 5.33333], "texture": "#0"},
				"south": {"uv": [8.33333, 0, 8.66667, 5.33333], "texture": "#0"},
				"west": {"uv": [8, 0, 8.33333, 5.33333], "texture": "#0"},
				"up": {"uv": [8, 0, 8.66667, 0.33333], "texture": "#0"},
				"down": {"uv": [8, 5, 8.33333, 5.33333], "texture": "#0"}
			}
		},
		{
			"from": [7.5, -7, 7.5],
			"to": [8.5, 1, 8.5],
			"faces": {
				"north": {"uv": [8.33333, 0, 8.66667, 5.33333], "texture": "#0"},
				"east": {"uv": [8, 0, 8.33333, 5.33333], "texture": "#0"},
				"south": {"uv": [8.33333, 0, 8.66667, 5.33333], "texture": "#0"},
				"west": {"uv": [8, 0, 8.33333, 5.33333], "texture": "#0"},
				"up": {"uv": [8, 0, 8.66667, 0.33333], "texture": "#0"},
				"down": {"uv": [8, 5, 8.33333, 5.33333], "texture": "#0"}
			}
		},
		{
			"from": [7.5, -15, 7.5],
			"to": [8.5, -7, 8.5],
			"faces": {
				"north": {"uv": [8.33333, 0, 8.66667, 5.33333], "texture": "#0"},
				"east": {"uv": [8, 0, 8.33333, 5.33333], "texture": "#0"},
				"south": {"uv": [8.33333, 0, 8.66667, 5.33333], "texture": "#0"},
				"west": {"uv": [8, 0, 8.33333, 5.33333], "texture": "#0"},
				"up": {"uv": [8, 0, 8.66667, 0.33333], "texture": "#0"},
				"down": {"uv": [8, 5, 8.33333, 5.33333], "texture": "#0"}
			}
		},
		{
			"from": [7.5, -16, 7.5],
			"to": [8.5, -15, 10.5],
			"faces": {
				"north": {"uv": [8, 1, 8.66667, 1.33333], "texture": "#0"},
				"east": {"uv": [8, 1, 8.66667, 1.33333], "texture": "#0"},
				"south": {"uv": [8, 1, 8.66667, 1.33333], "texture": "#0"},
				"west": {"uv": [8, 1, 8.66667, 1.33333], "texture": "#0"},
				"up": {"uv": [8, 0, 8.33333, 0.33333], "texture": "#0"},
				"down": {"uv": [8, 5, 8.33333, 5.33333], "texture": "#0"}
			}
		},
		{
			"from": [7.5, -15, 9.5],
			"to": [8.5, -14, 10.5],
			"faces": {
				"north": {"uv": [8, 1, 8.66667, 1.33333], "texture": "#0"},
				"east": {"uv": [8, 1, 8.66667, 1.33333], "texture": "#0"},
				"south": {"uv": [8, 1, 8.66667, 1.33333], "texture": "#0"},
				"west": {"uv": [8, 1, 8.66667, 1.33333], "texture": "#0"},
				"up": {"uv": [8, 0, 8.33333, 0.33333], "texture": "#0"},
				"down": {"uv": [8, 5, 8.33333, 5.33333], "texture": "#0"}
			}
		}
	],
	"display": {
		"thirdperson_righthand": {
			"rotation": [67, 0, -1],
			"translation": [0, 7, 20.25]
		},
		"thirdperson_lefthand": {
			"rotation": [68, 0, 0],
			"translation": [0, 7, 20.25]
		},
		"firstperson_righthand": {
			"translation": [-2.5, 20.5, 0]
		},
		"firstperson_lefthand": {
			"translation": [-2.5, 20.5, 0]
		},
		"ground": {
			"rotation": [24, 0, 0],
			"translation": [0, 9.75, 0],
			"scale": [0.5, 0.5, 0.5]
		},
		"gui": {
			"rotation": [-9, 51, 31],
			"translation": [-1, 3.75, 0],
			"scale": [0.4, 0.4, 0.4]
		},
		"head": {
			"translation": [0, 8.75, 0]
		},
		"fixed": {
			"rotation": [-12, 0, 0],
			"translation": [0, 8.25, -3.5],
			"scale": [0.7, 0.7, 0.7]
		}
	}
}