{
	"credit": "Made with Blockbench",
	"ambientocclusion": false,
	"texture_size": [32, 32],
	"textures": {
		"0": "custom/partyhat",
		"particle": "custom/partyhat"
	},
	"elements": [
		{
			"from": [5, 1, 5],
			"to": [11, 4, 11],
			"faces": {
				"north": {"uv": [0, 5.5, 3, 7], "texture": "#0"},
				"east": {"uv": [3, 5.5, 6, 7], "texture": "#0"},
				"south": {"uv": [0, 5.5, 3, 7], "texture": "#0"},
				"west": {"uv": [3, 5.5, 6, 7], "texture": "#0"},
				"up": {"uv": [0, 5.5, 0.5, 6], "texture": "#0"},
				"down": {"uv": [0, 0, 6, 6], "texture": "#missing"}
			}
		},
		{
			"from": [4, 0, 4],
			"to": [12, 1, 12],
			"faces": {
				"north": {"uv": [0, 8, 4, 8.5], "texture": "#0"},
				"east": {"uv": [0, 8, 4, 8.5], "texture": "#0"},
				"south": {"uv": [0, 8, 4, 8.5], "texture": "#0"},
				"west": {"uv": [0, 8, 4, 8.5], "texture": "#0"},
				"up": {"uv": [0, 7, 0.5, 7.5], "texture": "#0"},
				"down": {"uv": [0, 8.5, 4, 12.5], "texture": "#0"}
			}
		},
		{
			"from": [6, 4, 6],
			"to": [10, 7, 10],
			"faces": {
				"north": {"uv": [4, 4, 6, 5.5], "texture": "#0"},
				"east": {"uv": [0, 4, 2, 5.5], "texture": "#0"},
				"south": {"uv": [4, 4, 6, 5.5], "texture": "#0"},
				"west": {"uv": [0, 4, 2, 5.5], "texture": "#0"},
				"up": {"uv": [0, 4, 0.5, 4.5], "texture": "#0"},
				"down": {"uv": [0, 0, 4, 4], "texture": "#missing"}
			}
		},
		{
			"from": [7, 7, 7],
			"to": [9, 10, 9],
			"faces": {
				"north": {"uv": [5, 3, 6, 4.5], "texture": "#0"},
				"east": {"uv": [0, 3, 1, 4.5], "texture": "#0"},
				"south": {"uv": [5, 3, 6, 4.5], "texture": "#0"},
				"west": {"uv": [0, 3, 1, 4.5], "texture": "#0"},
				"up": {"uv": [0, 3, 0.5, 3.5], "texture": "#0"},
				"down": {"uv": [0, 0, 2, 2], "texture": "#missing"}
			}
		},
		{
			"from": [0, 9.5, 8.7],
			"to": [0, 14.5, 13.7],
			"rotation": {"angle": 45, "axis": "y", "origin": [0, 1, 0]},
			"faces": {
				"north": {"uv": [0, 0, 0, 1.5], "texture": "#missing"},
				"east": {"uv": [0, 0, 3, 3], "texture": "#0"},
				"south": {"uv": [0, 0, 0, 1.5], "texture": "#missing"},
				"west": {"uv": [0, 0, 3, 3], "texture": "#0"},
				"up": {"uv": [0, 0, 0, 1.5], "texture": "#missing"},
				"down": {"uv": [0, 0, 0, 1.5], "texture": "#missing"}
			}
		},
		{
			"from": [11.3, 9.5, -2.5],
			"to": [11.3, 14.5, 2.5],
			"rotation": {"angle": -45, "axis": "y", "origin": [0, 1, 0]},
			"faces": {
				"north": {"uv": [0, 0, 0, 1.5], "texture": "#missing"},
				"east": {"uv": [0, 0, 3, 3], "texture": "#0"},
				"south": {"uv": [0, 0, 0, 1.5], "texture": "#missing"},
				"west": {"uv": [0, 0, 3, 3], "texture": "#0"},
				"up": {"uv": [0, 0, 0, 1.5], "texture": "#missing"},
				"down": {"uv": [0, 0, 0, 1.5], "texture": "#missing"}
			}
		},
		{
			"from": [1, 0, 7],
			"to": [15, 0, 9],
			"faces": {
				"north": {"uv": [4, 7, 4.5, 7.5], "texture": "#0"},
				"east": {"uv": [4, 7, 4.5, 7.5], "texture": "#0"},
				"south": {"uv": [4, 7, 4.5, 7.5], "texture": "#0"},
				"west": {"uv": [4, 7, 4.5, 7.5], "texture": "#0"},
				"up": {"uv": [4, 7, 4.5, 7.5], "texture": "#0"},
				"down": {"uv": [4, 7, 4.5, 7.5], "texture": "#0"}
			}
		},
		{
			"from": [1, -13, 7],
			"to": [15, -13, 9],
			"faces": {
				"north": {"uv": [4, 7, 4.5, 7.5], "texture": "#0"},
				"east": {"uv": [4, 7, 4.5, 7.5], "texture": "#0"},
				"south": {"uv": [4, 7, 4.5, 7.5], "texture": "#0"},
				"west": {"uv": [4, 7, 4.5, 7.5], "texture": "#0"},
				"up": {"uv": [4, 7, 4.5, 7.5], "texture": "#0"},
				"down": {"uv": [4, 7, 4.5, 7.5], "texture": "#0"}
			}
		},
		{
			"from": [15, -13, 7],
			"to": [15, 0, 9],
			"faces": {
				"north": {"uv": [4, 7, 4.5, 7.5], "texture": "#0"},
				"east": {"uv": [4, 7, 4.5, 7.5], "texture": "#0"},
				"south": {"uv": [4, 7, 4.5, 7.5], "texture": "#0"},
				"west": {"uv": [4, 7, 4.5, 7.5], "texture": "#0"},
				"up": {"uv": [4, 7, 4.5, 7.5], "texture": "#0"},
				"down": {"uv": [4, 7, 4.5, 7.5], "texture": "#0"}
			}
		},
		{
			"from": [1, -13, 7],
			"to": [1, 0, 9],
			"faces": {
				"north": {"uv": [4, 7, 4.5, 7.5], "texture": "#0"},
				"east": {"uv": [4, 7, 4.5, 7.5], "texture": "#0"},
				"south": {"uv": [4, 7, 4.5, 7.5], "texture": "#0"},
				"west": {"uv": [4, 7, 4.5, 7.5], "texture": "#0"},
				"up": {"uv": [4, 7, 4.5, 7.5], "texture": "#0"},
				"down": {"uv": [4, 7, 4.5, 7.5], "texture": "#0"}
			}
		}
	],
	"display": {
		"thirdperson_righthand": {
			"translation": [0, 2.25, 0],
			"scale": [0.5, 0.5, 0.5]
		},
		"thirdperson_lefthand": {
			"translation": [0, 2.25, 0],
			"scale": [0.5, 0.5, 0.5]
		},
		"ground": {
			"translation": [0, 1.75, 0],
			"scale": [0.6, 0.6, 0.6]
		},
		"gui": {
			"rotation": [21, 27, 0],
			"translation": [0, 1.75, 0]
		},
		"head": {
			"translation": [0, 14.5, 0]
		}
	}
}