{
	"credit": "Made with Blockbench",
	"parent": "pc_charliegogglesup",
	"textures": {
		"0": "custom/pc_charliegoggles",
		"particle": "custom/pc_charliegoggles"
	},
	"elements": [
		{
			"from": [4, 7.5, 4],
			"to": [4, 8.5, 10],
			"faces": {
				"north": {"uv": [0, 0, 0, 1], "texture": "#missing"},
				"east": {"uv": [12, 6, 0, 8], "texture": "#0"},
				"south": {"uv": [0, 0, 0, 1], "texture": "#missing"},
				"west": {"uv": [0, 6, 12, 8], "texture": "#0"},
				"up": {"uv": [0, 0, 0, 6], "texture": "#missing"},
				"down": {"uv": [0, 0, 0, 6], "texture": "#missing"}
			}
		},
		{
			"from": [12, 7.5, 4],
			"to": [12, 8.5, 10],
			"faces": {
				"north": {"uv": [0, 0, 0, 1], "texture": "#missing"},
				"east": {"uv": [12, 8, 0, 10], "texture": "#0"},
				"south": {"uv": [0, 0, 0, 1], "texture": "#missing"},
				"west": {"uv": [0, 8, 12, 10], "texture": "#0"},
				"up": {"uv": [0, 0, 0, 6], "texture": "#missing"},
				"down": {"uv": [0, 0, 0, 6], "texture": "#missing"}
			}
		},
		{
			"from": [4, 6.5, 4],
			"to": [12, 9.5, 4],
			"faces": {
				"north": {"uv": [0, 0, 16, 6], "texture": "#0"},
				"east": {"uv": [0, 0, 0, 3], "texture": "#missing"},
				"south": {"uv": [16, 0, 0, 6], "texture": "#0"},
				"west": {"uv": [0, 0, 0, 3], "texture": "#missing"},
				"up": {"uv": [0, 0, 8, 0], "texture": "#missing"},
				"down": {"uv": [0, 0, 8, 0], "texture": "#missing"}
			}
		}
	],
	"display": {
		"gui": {
			"rotation": [-25, -45, 0],
			"translation": [-1, 0.75, 0],
			"scale": [1.6, 1.6, 1.6]
		},
		"head": {
			"scale": [1.85, 1.8, 1.8]
		}
	}
}