{
	"credit": "Made with Blockbench",
	"textures": {
		"1": "custom/pc_freja_rumblejack",
		"particle": "custom/pc_freja_rumblejack"
	},
	"elements": [
		{
			"from": [7.5, 0, 7.5],
			"to": [8.5, 4, 8.5],
			"faces": {
				"north": {"uv": [4, 0, 5, 4], "texture": "#1"},
				"east": {"uv": [4, 4, 5, 8], "texture": "#1"},
				"south": {"uv": [0, 5, 1, 9], "texture": "#1"},
				"west": {"uv": [5, 0, 6, 4], "texture": "#1"},
				"up": {"uv": [9, 1, 8, 0], "texture": "#1"},
				"down": {"uv": [9, 1, 8, 2], "texture": "#1"}
			}
		},
		{
			"from": [7.65, 1.9, 8.5],
			"to": [8.35, 2.5, 9.1],
			"faces": {
				"north": {"uv": [8, 2, 9, 3], "texture": "#1"},
				"east": {"uv": [8, 3, 9, 4], "texture": "#1"},
				"south": {"uv": [4, 8, 5, 9], "texture": "#1"},
				"west": {"uv": [8, 4, 9, 5], "texture": "#1"},
				"up": {"uv": [6, 9, 5, 8], "texture": "#1"},
				"down": {"uv": [9, 5, 8, 6], "texture": "#1"}
			}
		},
		{
			"from": [7.75, 2, 8.5],
			"to": [8.25, 4, 9],
			"faces": {
				"north": {"uv": [6, 0, 7, 2], "texture": "#1"},
				"east": {"uv": [6, 2, 7, 4], "texture": "#1"},
				"south": {"uv": [6, 4, 7, 6], "texture": "#1"},
				"west": {"uv": [6, 6, 7, 8], "texture": "#1"},
				"up": {"uv": [7, 9, 6, 8], "texture": "#1"},
				"down": {"uv": [9, 6, 8, 7], "texture": "#1"}
			}
		},
		{
			"from": [7.65, 3, 8.5],
			"to": [8.35, 3.6, 9.1],
			"faces": {
				"north": {"uv": [7, 8, 8, 9], "texture": "#1"},
				"east": {"uv": [8, 7, 9, 8], "texture": "#1"},
				"south": {"uv": [8, 8, 9, 9], "texture": "#1"},
				"west": {"uv": [0, 9, 1, 10], "texture": "#1"},
				"up": {"uv": [10, 1, 9, 0], "texture": "#1"},
				"down": {"uv": [2, 9, 1, 10], "texture": "#1"}
			}
		},
		{
			"from": [7.75, 3, 7],
			"to": [8.25, 4, 7.5],
			"rotation": {"angle": -45, "axis": "x", "origin": [8, 3.5, 7.5]},
			"faces": {
				"north": {"uv": [9, 1, 10, 2], "texture": "#1"},
				"east": {"uv": [2, 9, 3, 10], "texture": "#1"},
				"south": {"uv": [9, 2, 10, 3], "texture": "#1"},
				"west": {"uv": [3, 9, 4, 10], "texture": "#1"},
				"up": {"uv": [10, 4, 9, 3], "texture": "#1"},
				"down": {"uv": [5, 9, 4, 10], "texture": "#1"}
			}
		},
		{
			"from": [7.875, 4, 7.125],
			"to": [8.125, 4.5, 7.375],
			"rotation": {"angle": -45, "axis": "x", "origin": [8, 3.5, 7.5]},
			"faces": {
				"north": {"uv": [9, 4, 10, 5], "texture": "#1"},
				"east": {"uv": [5, 9, 6, 10], "texture": "#1"},
				"south": {"uv": [9, 5, 10, 6], "texture": "#1"},
				"west": {"uv": [6, 9, 7, 10], "texture": "#1"},
				"up": {"uv": [10, 7, 9, 6], "texture": "#1"},
				"down": {"uv": [8, 9, 7, 10], "texture": "#1"}
			}
		},
		{
			"from": [7.65, 4.45, 6.9],
			"to": [8.35, 4.7, 7.6],
			"rotation": {"angle": -45, "axis": "x", "origin": [8, 3.5, 7.5]},
			"faces": {
				"north": {"uv": [9, 7, 10, 8], "texture": "#1"},
				"east": {"uv": [8, 9, 9, 10], "texture": "#1"},
				"south": {"uv": [9, 8, 10, 9], "texture": "#1"},
				"west": {"uv": [9, 9, 10, 10], "texture": "#1"},
				"up": {"uv": [1, 11, 0, 10], "texture": "#1"},
				"down": {"uv": [11, 0, 10, 1], "texture": "#1"}
			}
		},
		{
			"from": [7.75, 4.5, 7],
			"to": [8.25, 6, 7.5],
			"rotation": {"angle": -45, "axis": "x", "origin": [8, 3.5, 7.5]},
			"faces": {
				"north": {"uv": [7, 0, 8, 2], "texture": "#1"},
				"east": {"uv": [7, 2, 8, 4], "texture": "#1"},
				"south": {"uv": [7, 4, 8, 6], "texture": "#1"},
				"west": {"uv": [7, 6, 8, 8], "texture": "#1"},
				"up": {"uv": [2, 11, 1, 10], "texture": "#1"},
				"down": {"uv": [11, 1, 10, 2], "texture": "#1"}
			}
		},
		{
			"from": [7.65, 5.95, 6.9],
			"to": [8.35, 6.2, 7.6],
			"rotation": {"angle": -45, "axis": "x", "origin": [8, 3.5, 7.5]},
			"faces": {
				"north": {"uv": [2, 10, 3, 11], "texture": "#1"},
				"east": {"uv": [10, 2, 11, 3], "texture": "#1"},
				"south": {"uv": [3, 10, 4, 11], "texture": "#1"},
				"west": {"uv": [10, 3, 11, 4], "texture": "#1"},
				"up": {"uv": [5, 11, 4, 10], "texture": "#1"},
				"down": {"uv": [11, 4, 10, 5], "texture": "#1"}
			}
		},
		{
			"from": [7.75, 4, 7.5],
			"to": [8.25, 8, 8.5],
			"rotation": {"angle": 0, "axis": "y", "origin": [8, 7.7125, 8.25]},
			"faces": {
				"north": {"uv": [1, 5, 2, 9], "texture": "#1"},
				"east": {"uv": [2, 5, 3, 9], "texture": "#1"},
				"south": {"uv": [3, 5, 4, 9], "texture": "#1"},
				"west": {"uv": [5, 4, 6, 8], "texture": "#1"},
				"up": {"uv": [6, 11, 5, 10], "texture": "#1"},
				"down": {"uv": [11, 5, 10, 6], "texture": "#1"}
			}
		},
		{
			"from": [7.75, 8, 7.5],
			"to": [8.25, 9, 8],
			"rotation": {"angle": 0, "axis": "y", "origin": [8, 7.7125, 8.25]},
			"faces": {
				"north": {"uv": [6, 10, 7, 11], "texture": "#1"},
				"east": {"uv": [10, 6, 11, 7], "texture": "#1"},
				"south": {"uv": [7, 10, 8, 11], "texture": "#1"},
				"west": {"uv": [10, 7, 11, 8], "texture": "#1"},
				"up": {"uv": [9, 11, 8, 10], "texture": "#1"},
				"down": {"uv": [11, 8, 10, 9], "texture": "#1"}
			}
		},
		{
			"from": [7.875, 9.325, 7.5],
			"to": [8.125, 9.5, 8.1],
			"rotation": {"angle": 0, "axis": "y", "origin": [8, 7.7125, 8.25]},
			"faces": {
				"north": {"uv": [9, 10, 10, 11], "texture": "#1"},
				"east": {"uv": [10, 9, 11, 10], "texture": "#1"},
				"south": {"uv": [10, 10, 11, 11], "texture": "#1"},
				"west": {"uv": [0, 11, 1, 12], "texture": "#1"},
				"up": {"uv": [12, 1, 11, 0], "texture": "#1"},
				"down": {"uv": [2, 11, 1, 12], "texture": "#1"}
			}
		},
		{
			"from": [7.875, 9, 7.5],
			"to": [8.125, 9.4, 7.75],
			"rotation": {"angle": 0, "axis": "y", "origin": [8, 7.7125, 8.25]},
			"faces": {
				"north": {"uv": [11, 1, 12, 2], "texture": "#1"},
				"east": {"uv": [2, 11, 3, 12], "texture": "#1"},
				"south": {"uv": [11, 2, 12, 3], "texture": "#1"},
				"west": {"uv": [3, 11, 4, 12], "texture": "#1"},
				"up": {"uv": [12, 4, 11, 3], "texture": "#1"},
				"down": {"uv": [5, 11, 4, 12], "texture": "#1"}
			}
		},
		{
			"from": [7.875, 8.3161, 8.52318],
			"to": [8.125, 9.5911, 8.77318],
			"rotation": {"angle": -45, "axis": "x", "origin": [8, 8.7411, 8.54818]},
			"faces": {
				"north": {"uv": [11, 4, 12, 5], "texture": "#1"},
				"east": {"uv": [5, 11, 6, 12], "texture": "#1"},
				"south": {"uv": [11, 5, 12, 6], "texture": "#1"},
				"west": {"uv": [6, 11, 7, 12], "texture": "#1"},
				"up": {"uv": [12, 7, 11, 6], "texture": "#1"},
				"down": {"uv": [8, 11, 7, 12], "texture": "#1"}
			}
		},
		{
			"from": [7.875, 4, 8.75],
			"to": [8.125, 8.6, 9],
			"rotation": {"angle": 0, "axis": "y", "origin": [8, 7.7125, 8.25]},
			"faces": {
				"north": {"uv": [0, 0, 1, 5], "texture": "#1"},
				"east": {"uv": [1, 0, 2, 5], "texture": "#1"},
				"south": {"uv": [2, 0, 3, 5], "texture": "#1"},
				"west": {"uv": [3, 0, 4, 5], "texture": "#1"},
				"up": {"uv": [12, 8, 11, 7], "texture": "#1"},
				"down": {"uv": [9, 11, 8, 12], "texture": "#1"}
			}
		}
	],
	"display": {
		"thirdperson_righthand": {
			"rotation": [0, -180, 0],
			"translation": [0, 5, 0.75]
		},
		"thirdperson_lefthand": {
			"rotation": [0, -180, 0],
			"translation": [0, 5, 0.75]
		},
		"firstperson_righthand": {
			"rotation": [0, -180, 0],
			"translation": [0, 5, 0]
		},
		"firstperson_lefthand": {
			"rotation": [0, -180, 0],
			"translation": [0, 5, 0]
		},
		"ground": {
			"rotation": [45, 0, 0],
			"translation": [0, 4.75, 0]
		},
		"gui": {
			"rotation": [90, 45, -90],
			"translation": [5, 5, 0],
			"scale": [2, 2, 2]
		},
		"head": {
			"rotation": [-50, -180, 0],
			"translation": [0, 9, -9.5]
		},
		"fixed": {
			"rotation": [-90, 45, 90],
			"translation": [-5, 5, 0],
			"scale": [2, 2, 2]
		}
	},
	"groups": [
		{
			"name": "the whole thing",
			"origin": [8, 8, 8],
			"color": 0,
			"children": [0, 1, 2, 3, 4, 5, 6, 7, 8, 9, 10, 11, 12, 13, 14]
		}
	]
}