{
	"credit": "Made with Blockbench",
	"texture_size": [48, 16],
	"textures": {
		"0": "custom/santahat",
		"particle": "custom/santahat"
	},
	"elements": [
		{
			"from": [2, 0, 2],
			"to": [14, 3, 14],
			"faces": {
				"north": {"uv": [0, 0, 4, 3], "texture": "#0"},
				"east": {"uv": [0, 0, 4, 3], "texture": "#0"},
				"south": {"uv": [0, 0, 4, 3], "texture": "#0"},
				"west": {"uv": [0, 0, 4, 3], "texture": "#0"},
				"up": {"uv": [0, 0, 1, 1], "texture": "#0"},
				"down": {"uv": [0, 3, 4, 15], "texture": "#0"}
			}
		},
		{
			"from": [3, 3, 3],
			"to": [13, 7, 13],
			"faces": {
				"north": {"uv": [4, 4, 7.33333, 8], "texture": "#0"},
				"east": {"uv": [4, 4, 7.33333, 8], "texture": "#0"},
				"south": {"uv": [4, 4, 7.33333, 8], "texture": "#0"},
				"west": {"uv": [4, 4, 7.33333, 8], "texture": "#0"},
				"up": {"uv": [4.33333, 4, 4.66667, 5], "texture": "#0"},
				"down": {"uv": [0, 0, 10, 10], "texture": "#missing"}
			}
		},
		{
			"from": [6, 4, 6],
			"to": [10, 10, 16],
			"faces": {
				"north": {"uv": [5, 4, 5.33333, 5], "texture": "#0"},
				"east": {"uv": [5.66667, 10, 9.33333, 16], "texture": "#0"},
				"south": {"uv": [6.66667, 10, 8.33333, 16], "texture": "#0"},
				"west": {"uv": [5.66667, 10, 9.33333, 16], "texture": "#0"},
				"up": {"uv": [5.33333, 4, 5.66667, 5], "texture": "#0"},
				"down": {"uv": [4, 7, 4.33333, 8], "texture": "#0"}
			}
		},
		{
			"from": [4, 5, 4],
			"to": [12, 9, 14],
			"faces": {
				"north": {"uv": [4, 0, 4.33333, 4], "texture": "#0"},
				"east": {"uv": [4, 0, 4.33333, 4], "texture": "#0"},
				"south": {"uv": [4, 0, 4.33333, 4], "texture": "#0"},
				"west": {"uv": [4, 0, 4.33333, 4], "texture": "#0"},
				"up": {"uv": [4.33333, 4, 4.66667, 5], "texture": "#0"},
				"down": {"uv": [6.66667, 7, 7.16667, 8], "texture": "#0"}
			}
		},
		{
			"from": [8, 1, 14],
			"to": [8, 6, 19],
			"faces": {
				"north": {"uv": [0, 0, 0, 3], "texture": "#missing"},
				"east": {"uv": [4, 11, 5.66667, 16], "texture": "#0"},
				"south": {"uv": [0, 0, 0, 3], "texture": "#missing"},
				"west": {"uv": [4, 11, 5.66667, 16], "texture": "#0"},
				"up": {"uv": [0, 0, 0, 3], "texture": "#missing"},
				"down": {"uv": [0, 0, 0, 3], "texture": "#missing"}
			}
		}
	],
	"display": {
		"thirdperson_righthand": {
			"rotation": [-60.5, 0, 0],
			"translation": [0, 0, -1.5],
			"scale": [0.6, 0.6, 0.6]
		},
		"thirdperson_lefthand": {
			"rotation": [-60.5, 0, 0],
			"translation": [0, 0, -1.5],
			"scale": [0.6, 0.6, 0.6]
		},
		"ground": {
			"translation": [0, 1.25, 0],
			"scale": [0.6, 0.6, 0.6]
		},
		"gui": {
			"rotation": [21, -119.75, 0],
			"translation": [0.5, 2.75, 0],
			"scale": [0.8, 0.8, 0.8]
		},
		"head": {
			"rotation": [12.5, 0, 0],
			"translation": [0, 11.5, 2],
			"scale": [1.3, 1.3, 1.3]
		}
	}
}