{
	"credit": "Made with Blockbench",
	"textures": {
		"0": "custom/torch",
		"particle": "custom/torch"
	},
	"elements": [
		{
			"from": [7, 2, 9],
			"to": [9, 10, 11],
			"faces": {
				"north": {"uv": [0, 0, 2, 10], "texture": "#0"},
				"east": {"uv": [2, 0, 0, 10], "texture": "#0"},
				"south": {"uv": [0, 0, 2, 10], "texture": "#0"},
				"west": {"uv": [2, 0, 0, 10], "texture": "#0"},
				"up": {"uv": [0, 0, 2, 2], "texture": "#0"},
				"down": {"uv": [0, 8, 2, 10], "texture": "#0"}
			}
		}
	],
	"display": {
		"thirdperson_righthand": {
			"rotation": [55, 0, 0],
			"translation": [0, 4.25, 2.5]
		},
		"thirdperson_lefthand": {
			"rotation": [47, 0, 0],
			"translation": [0, 4.25, 2.5]
		},
		"firstperson_righthand": {
			"translation": [0, 1, 0],
			"scale": [0.6, 0.6, 0.6]
		},
		"firstperson_lefthand": {
			"translation": [0, 1, 0],
			"scale": [0.6, 0.6, 0.6]
		},
		"ground": {
			"rotation": [25, 0, 0],
			"translation": [0, 0, -1.75],
			"scale": [0.6, 0.6, 0.6]
		},
		"gui": {
			"rotation": [25, 135, 0],
			"translation": [-1.25, -2, 0]
		},
		"head": {
			"scale": [0, 0, 0]
		},
		"fixed": {
			"rotation": [-25, 0, 0],
			"translation": [0, -1, -3]
		}
	}
}