{
	"credit": "Made with Blockbench",
	"parent": "earth",
	"texture_size": [16, 128],
	"textures": {
		"0": "item/quartz_glyph_states",
		"particle": "item/quartz_glyph_states"
	},
	"elements": [
		{
			"from": [0, 0, 0],
			"to": [16, 0, 16],
			"faces": {
				"north": {"uv": [0, 0, 16, 0], "texture": "#missing"},
				"east": {"uv": [0, 0, 16, 0], "texture": "#missing"},
				"south": {"uv": [0, 0, 16, 0], "texture": "#missing"},
				"west": {"uv": [0, 0, 16, 0], "texture": "#missing"},
				"up": {"uv": [0, 2, 16, 4], "texture": "#0"},
				"down": {"uv": [0, 0, 16, 2], "texture": "#missing"}
			}
		}
	],
	"display": {
		"ground": {
			"translation": [0, 7, 0]
		},
		"gui": {
			"rotation": [30, 0, 0],
			"translation": [0, 7, 0],
			"scale": [1, 1, 2]
		},
		"fixed": {
			"rotation": [-90, 45, 0],
			"translation": [0, 0, -8.5],
			"scale": [1.4, 1, 1.4]
		}
	}
}