{
	"solid_color": "#006eff",
	"rotation": {
		"degrees_x": "#skyAngle + 90",
		"degrees_y": "0",
		"degrees_z": "0"
	},
	"properties": {
		"alpha": "((1 - #dayLight) * #rainGradient)"
	},
	"populate": {
		"count": 200,
		"rotation": {
			"min_degrees_x": 0,
			"max_degrees_x": 360,
			"min_degrees_y": 0,
			"max_degrees_y": 360,
			"min_degrees_z": 0,
			"max_degrees_z": 360
		},
		"display": {
			"min_scale": 0.2,
			"max_scale": 0.25,
			"min_pos_x": 0,
			"max_pos_x": 0,
			"min_pos_y": 0,
			"max_pos_y": 0,
			"min_pos_z": 0,
			"max_pos_z": 0,
			"min_distance": 150,
			"max_distance": 150
		}
	}
}